{"type": "FeatureCollection", "features": [{"type": "Feature", "properties": {"tam_th": "หนองบัว", "tam_en": "Nong Bua", "tam_code": "TH390101", "amp_th": "เมืองหนองบัวลำภู", "amp_code": "3901", "pro_code": "39", "pro_th": "หนองบัวลำภู"}, "geometry": {"type": "Polygon", "coordinates": [[[102.45023, 17.20721], [102.45240, 17.20771], [102.46919, 17.20270], [102.47482, 17.19354], [102.48280, 17.17700], [102.49639, 17.15875], [102.49259, 17.15177], [102.48309, 17.14600], [102.47526, 17.14649], [102.46993, 17.14533], [102.46543, 17.14317], [102.46451, 17.14427], [102.45321, 17.14444], [102.44970, 17.14335], [102.44880, 17.14188], [102.44691, 17.14233], [102.44572, 17.14035], [102.43811, 17.13878], [102.42270, 17.13855], [102.40890, 17.14053], [102.39927, 17.13601], [102.38010, 17.13082], [102.37573, 17.13087], [102.37312, 17.12821], [102.37000, 17.12837], [102.36582, 17.12510], [102.38507, 17.15590], [102.38494, 17.15722], [102.38871, 17.16388], [102.39623, 17.17037], [102.40012, 17.17229], [102.40023, 17.17317], [102.40175, 17.17206], [102.40243, 17.17326], [102.40338, 17.17312], [102.40346, 17.17476], [102.40474, 17.17307], [102.40491, 17.17410], [102.40849, 17.17483], [102.40806, 17.17379], [102.40948, 17.17389], [102.41022, 17.17184], [102.41253, 17.17297], [102.41202, 17.17468], [102.41297, 17.17397], [102.41419, 17.17444], [102.41523, 17.17638], [102.42394, 17.17554], [102.42327, 17.17808], [102.42582, 17.17944], [102.42515, 17.18059], [102.42752, 17.18168], [102.42999, 17.18095], [102.43210, 17.18301], [102.43128, 17.18392], [102.43303, 17.18748], [102.43069, 17.18816], [102.42956, 17.18961], [102.43050, 17.19024], [102.42993, 17.19126], [102.42824, 17.19065], [102.42653, 17.19254], [102.43197, 17.19646], [102.43102, 17.20154], [102.43235, 17.20256], [102.43278, 17.20637], [102.43898, 17.20654], [102.43939, 17.20930], [102.45023, 17.20721]]]}}, {"type": "Feature", "properties": {"tam_th": "หนองภัยศูนย์", "tam_en": "Nong Phai Sun", "tam_code": "TH390102", "amp_th": "เมืองหนองบัวลำภู", "amp_code": "3901", "pro_code": "39", "pro_th": "หนองบัวลำภู"}, "geometry": {"type": "Polygon", "coordinates": [[[102.35008, 17.28667], [102.35405, 17.28713], [102.36026, 17.28470], [102.36308, 17.28679], [102.36968, 17.28492], [102.37955, 17.28666], [102.38487, 17.28612], [102.38950, 17.28429], [102.39947, 17.28580], [102.40125, 17.28408], [102.40238, 17.28543], [102.40421, 17.28458], [102.40990, 17.28563], [102.41156, 17.28498], [102.41314, 17.28737], [102.41552, 17.28616], [102.41802, 17.28657], [102.41950, 17.28543], [102.42300, 17.28550], [102.42795, 17.28285], [102.43710, 17.28056], [102.43409, 17.27805], [102.42940, 17.26709], [102.42785, 17.25563], [102.42847, 17.25240], [102.42762, 17.25031], [102.42587, 17.24938], [102.42178, 17.23393], [102.41368, 17.22847], [102.41090, 17.22819], [102.40842, 17.22270], [102.40629, 17.22364], [102.40564, 17.22052], [102.40366, 17.22016], [102.40046, 17.22321], [102.39695, 17.22347], [102.38679, 17.23592], [102.38235, 17.23541], [102.37885, 17.23690], [102.37683, 17.23912], [102.37343, 17.24379], [102.37331, 17.24582], [102.37073, 17.24812], [102.37025, 17.25247], [102.37126, 17.25501], [102.36851, 17.25629], [102.36870, 17.25693], [102.36643, 17.25668], [102.36146, 17.25873], [102.36234, 17.26057], [102.36145, 17.26303], [102.34755, 17.28137], [102.34264, 17.29009], [102.35008, 17.28667]]]}}, {"type": "Feature", "properties": {"tam_th": "โพธิ์ชัย", "tam_en": "Pho Chai", "tam_code": "TH390103", "amp_th": "เมืองหนองบัวลำภู", "amp_code": "3901", "pro_code": "39", "pro_th": "หนองบัวลำภู"}, "geometry": {"type": "Polygon", "coordinates": [[[102.36146, 17.25873], [102.36870, 17.25693], [102.36851, 17.25629], [102.37126, 17.25501], [102.37025, 17.25247], [102.37073, 17.24812], [102.37331, 17.24582], [102.37343, 17.24379], [102.37885, 17.23690], [102.38280, 17.23531], [102.38679, 17.23592], [102.39690, 17.22351], [102.40046, 17.22321], [102.40360, 17.22018], [102.40565, 17.22053], [102.40630, 17.22365], [102.40842, 17.22270], [102.41090, 17.22819], [102.41368, 17.22847], [102.42178, 17.23393], [102.42270, 17.23649], [102.42320, 17.22234], [102.42226, 17.21801], [102.42402, 17.20834], [102.42328, 17.20323], [102.42595, 17.20277], [102.42686, 17.20057], [102.42546, 17.19859], [102.42650, 17.19646], [102.42624, 17.19280], [102.42824, 17.19065], [102.42993, 17.19126], [102.43050, 17.19024], [102.42956, 17.18961], [102.43069, 17.18816], [102.43305, 17.18742], [102.43145, 17.18471], [102.43177, 17.18194], [102.42999, 17.18095], [102.42752, 17.18168], [102.42515, 17.18059], [102.42582, 17.17944], [102.42327, 17.17808], [102.42394, 17.17554], [102.41523, 17.17638], [102.41419, 17.17444], [102.41297, 17.17397], [102.41202, 17.17468], [102.41253, 17.17297], [102.41022, 17.17184], [102.40948, 17.17389], [102.40806, 17.17379], [102.40849, 17.17483], [102.40491, 17.17410], [102.40474, 17.17307], [102.40346, 17.17476], [102.40338, 17.17312], [102.40243, 17.17326], [102.40175, 17.17206], [102.40023, 17.17317], [102.40012, 17.17229], [102.39623, 17.17037], [102.38871, 17.16388], [102.38846, 17.16652], [102.38619, 17.17077], [102.38657, 17.17278], [102.38765, 17.17209], [102.39070, 17.17426], [102.38955, 17.17602], [102.39046, 17.17719], [102.38923, 17.17830], [102.38970, 17.17725], [102.38846, 17.17621], [102.38735, 17.17693], [102.38662, 17.18026], [102.38515, 17.17943], [102.38569, 17.18234], [102.38452, 17.18171], [102.38310, 17.18269], [102.38385, 17.18395], [102.38262, 17.18406], [102.38241, 17.18499], [102.37995, 17.18403], [102.37828, 17.18585], [102.37628, 17.18547], [102.37592, 17.18694], [102.37277, 17.18544], [102.37155, 17.18587], [102.37149, 17.18694], [102.36984, 17.18642], [102.37011, 17.18724], [102.36795, 17.18745], [102.36921, 17.18795], [102.36783, 17.18840], [102.36830, 17.19055], [102.36953, 17.18866], [102.37038, 17.18988], [102.36978, 17.19163], [102.37094, 17.19465], [102.37003, 17.19618], [102.36951, 17.19503], [102.36716, 17.19491], [102.36664, 17.19275], [102.36654, 17.19437], [102.36594, 17.19368], [102.36265, 17.19450], [102.36285, 17.19654], [102.36250, 17.19546], [102.36125, 17.19532], [102.36103, 17.19915], [102.36005, 17.20064], [102.36072, 17.20237], [102.36384, 17.20363], [102.36495, 17.20746], [102.35871, 17.20825], [102.35740, 17.21076], [102.35302, 17.21179], [102.35033, 17.21409], [102.35004, 17.21743], [102.33686, 17.22483], [102.34072, 17.22924], [102.34205, 17.23409], [102.34927, 17.24145], [102.35133, 17.24175], [102.35312, 17.24565], [102.36278, 17.25366], [102.36146, 17.25873]]]}}, {"type": "Feature", "properties": {"tam_th": "หนองสวรรค์", "tam_en": "Nong Sawan", "tam_code": "TH390104", "amp_th": "เมืองหนองบัวลำภู", "amp_code": "3901", "pro_code": "39", "pro_th": "หนองบัวลำภู"}, "geometry": {"type": "Polygon", "coordinates": [[[102.29141, 17.23576], [102.29279, 17.23232], [102.29374, 17.23211], [102.29275, 17.23124], [102.29569, 17.23257], [102.29863, 17.23105], [102.29875, 17.22896], [102.30062, 17.23045], [102.30148, 17.22908], [102.30307, 17.22892], [102.30250, 17.22705], [102.30334, 17.22641], [102.30229, 17.22617], [102.30355, 17.22526], [102.30535, 17.22845], [102.30781, 17.22706], [102.31040, 17.22773], [102.31076, 17.22495], [102.31261, 17.22671], [102.31333, 17.22588], [102.31603, 17.22621], [102.31572, 17.22445], [102.31752, 17.22348], [102.31671, 17.22282], [102.31921, 17.22184], [102.32036, 17.21939], [102.32406, 17.21937], [102.32446, 17.21775], [102.32572, 17.21857], [102.32604, 17.21750], [102.32687, 17.21844], [102.32794, 17.21757], [102.32901, 17.21833], [102.32895, 17.21730], [102.33221, 17.21631], [102.33239, 17.21343], [102.33350, 17.21366], [102.33298, 17.21441], [102.33396, 17.21449], [102.33395, 17.21535], [102.33549, 17.21262], [102.33783, 17.21467], [102.33700, 17.21605], [102.33855, 17.21619], [102.33873, 17.21769], [102.34074, 17.21893], [102.34163, 17.22254], [102.35004, 17.21743], [102.35033, 17.21409], [102.35255, 17.21206], [102.35740, 17.21076], [102.35871, 17.20825], [102.36491, 17.20751], [102.36384, 17.20363], [102.36072, 17.20237], [102.36005, 17.20064], [102.36103, 17.19915], [102.36128, 17.19529], [102.36018, 17.19292], [102.35897, 17.19268], [102.35794, 17.18928], [102.35557, 17.18983], [102.35177, 17.18859], [102.34690, 17.18903], [102.34086, 17.18245], [102.33454, 17.17945], [102.33020, 17.17477], [102.32628, 17.17280], [102.31666, 17.17694], [102.30747, 17.18548], [102.29464, 17.19293], [102.29101, 17.19658], [102.28111, 17.20228], [102.27475, 17.20862], [102.25603, 17.21660], [102.25481, 17.21810], [102.26095, 17.22151], [102.26405, 17.21972], [102.26562, 17.22133], [102.26899, 17.22131], [102.27239, 17.22520], [102.27188, 17.22608], [102.27493, 17.22693], [102.27542, 17.23094], [102.27832, 17.23322], [102.27866, 17.23244], [102.27963, 17.23335], [102.28025, 17.23217], [102.28111, 17.23301], [102.28249, 17.23124], [102.28662, 17.23337], [102.28626, 17.23534], [102.29032, 17.23495], [102.29141, 17.23576]]]}}, {"type": "Feature", "properties": {"tam_th": "หัวนา", "tam_en": "Hua Na", "tam_code": "TH390105", "amp_th": "เมืองหนองบัวลำภู", "amp_code": "3901", "pro_code": "39", "pro_th": "หนองบัวลำภู"}, "geometry": {"type": "Polygon", "coordinates": [[[102.43914, 17.07764], [102.44074, 17.07697], [102.43961, 17.07568], [102.44052, 17.07497], [102.44136, 17.07559], [102.44153, 17.07482], [102.43921, 17.07405], [102.43791, 17.07481], [102.43728, 17.07352], [102.43900, 17.07359], [102.43848, 17.07227], [102.43726, 17.07248], [102.43702, 17.07024], [102.43878, 17.06658], [102.43734, 17.06582], [102.43576, 17.06663], [102.43542, 17.06503], [102.43490, 17.06647], [102.43352, 17.06596], [102.43471, 17.06458], [102.43338, 17.06281], [102.43425, 17.06198], [102.43382, 17.06071], [102.43168, 17.05888], [102.43257, 17.05780], [102.43086, 17.05836], [102.43121, 17.05694], [102.42977, 17.05716], [102.43009, 17.05591], [102.42814, 17.05589], [102.42588, 17.05399], [102.42703, 17.05349], [102.42657, 17.05110], [102.42950, 17.05050], [102.43041, 17.04711], [102.42981, 17.04658], [102.43104, 17.04633], [102.43078, 17.04547], [102.43355, 17.04689], [102.43546, 17.04467], [102.43578, 17.03984], [102.43239, 17.04002], [102.43282, 17.03697], [102.43057, 17.03417], [102.43249, 17.03320], [102.43188, 17.03205], [102.43384, 17.03088], [102.43380, 17.02942], [102.44075, 17.01899], [102.44868, 17.01528], [102.44110, 17.00613], [102.43236, 16.99330], [102.42954, 16.98411], [102.42927, 16.97784], [102.42468, 16.97144], [102.42074, 16.96300], [102.41369, 16.96633], [102.40319, 16.97405], [102.34602, 17.02125], [102.33061, 17.02759], [102.32943, 17.02923], [102.33083, 17.03312], [102.32888, 17.03474], [102.33011, 17.04272], [102.32439, 17.05519], [102.32752, 17.06501], [102.33134, 17.07034], [102.33679, 17.07161], [102.36843, 17.07165], [102.41212, 17.07621], [102.43371, 17.07496], [102.43712, 17.07564], [102.43914, 17.07764]]]}}, {"type": "Feature", "properties": {"tam_th": "บ้านขาม", "tam_en": "Ban Kham", "tam_code": "TH390106", "amp_th": "เมืองหนองบัวลำภู", "amp_code": "3901", "pro_code": "39", "pro_th": "หนองบัวลำภู"}, "geometry": {"type": "Polygon", "coordinates": [[[102.50420, 17.14626], [102.51757, 17.10372], [102.49694, 17.08516], [102.47881, 17.07765], [102.46995, 17.07204], [102.46451, 17.07219], [102.46407, 17.07021], [102.46101, 17.06995], [102.46058, 17.06714], [102.45639, 17.06597], [102.45383, 17.06254], [102.45032, 17.06143], [102.44838, 17.05906], [102.43364, 17.05712], [102.43176, 17.05859], [102.43424, 17.06183], [102.43338, 17.06281], [102.43471, 17.06486], [102.43352, 17.06596], [102.43490, 17.06647], [102.43542, 17.06503], [102.43576, 17.06663], [102.43734, 17.06582], [102.43880, 17.06661], [102.43784, 17.06760], [102.43830, 17.06892], [102.43708, 17.06898], [102.43726, 17.07248], [102.43848, 17.07227], [102.43901, 17.07348], [102.43739, 17.07311], [102.43774, 17.07468], [102.43930, 17.07405], [102.44157, 17.07492], [102.43958, 17.07575], [102.44074, 17.07707], [102.43953, 17.07746], [102.43798, 17.08604], [102.43815, 17.10739], [102.43657, 17.11330], [102.43732, 17.12925], [102.43979, 17.13950], [102.44572, 17.14035], [102.44691, 17.14233], [102.44880, 17.14188], [102.44970, 17.14335], [102.45321, 17.14444], [102.46451, 17.14427], [102.46543, 17.14317], [102.46993, 17.14533], [102.47526, 17.14649], [102.48309, 17.14600], [102.49259, 17.15177], [102.49639, 17.15875], [102.50420, 17.14626]]]}}, {"type": "Feature", "properties": {"tam_th": "นามะเฟือง", "tam_en": "Na Mafueang", "tam_code": "TH390107", "amp_th": "เมืองหนองบัวลำภู", "amp_code": "3901", "pro_code": "39", "pro_th": "หนองบัวลำภู"}, "geometry": {"type": "Polygon", "coordinates": [[[102.53334, 17.08153], [102.54329, 17.06693], [102.54931, 17.06154], [102.56433, 17.05169], [102.56880, 17.04686], [102.57938, 17.04081], [102.57334, 17.03244], [102.56775, 17.03027], [102.55896, 17.02204], [102.54573, 17.01492], [102.54539, 17.01326], [102.54350, 17.01350], [102.54327, 17.01646], [102.54011, 17.01943], [102.53902, 17.01875], [102.53701, 17.01982], [102.53300, 17.01821], [102.53219, 17.01909], [102.53011, 17.01733], [102.52463, 17.01599], [102.52463, 17.01421], [102.52233, 17.01363], [102.52236, 17.01221], [102.51117, 17.01017], [102.51033, 17.00717], [102.50813, 17.00687], [102.50624, 17.00363], [102.50456, 17.00398], [102.49999, 16.99986], [102.49014, 17.01735], [102.48399, 17.02423], [102.47973, 17.02656], [102.47112, 17.02847], [102.46828, 17.02711], [102.46240, 17.02625], [102.44868, 17.01528], [102.44075, 17.01899], [102.43380, 17.02942], [102.43384, 17.03088], [102.43188, 17.03205], [102.43249, 17.03320], [102.43055, 17.03421], [102.43282, 17.03697], [102.43239, 17.04002], [102.43578, 17.03984], [102.43546, 17.04467], [102.43366, 17.04687], [102.43105, 17.04539], [102.43102, 17.04635], [102.43005, 17.04624], [102.42972, 17.05007], [102.42783, 17.05137], [102.42651, 17.05117], [102.42705, 17.05336], [102.42591, 17.05390], [102.42618, 17.05471], [102.43009, 17.05591], [102.42977, 17.05716], [102.43121, 17.05694], [102.43092, 17.05837], [102.43364, 17.05712], [102.44838, 17.05906], [102.45032, 17.06143], [102.45383, 17.06254], [102.45639, 17.06597], [102.46058, 17.06714], [102.46101, 17.06995], [102.46407, 17.07021], [102.46451, 17.07219], [102.46995, 17.07204], [102.47881, 17.07765], [102.49694, 17.08516], [102.51757, 17.10372], [102.52185, 17.09612], [102.53334, 17.08153]]]}}, {"type": "Feature", "properties": {"tam_th": "บ้านพร้าว", "tam_en": "Ban Phrao", "tam_code": "TH390108", "amp_th": "เมืองหนองบัวลำภู", "amp_code": "3901", "pro_code": "39", "pro_th": "หนองบัวลำภู"}, "geometry": {"type": "Polygon", "coordinates": [[[102.40890, 17.14053], [102.43037, 17.13828], [102.43979, 17.13950], [102.43732, 17.12925], [102.43657, 17.11330], [102.43815, 17.10739], [102.43798, 17.08604], [102.43962, 17.07730], [102.43703, 17.07561], [102.43371, 17.07496], [102.41212, 17.07621], [102.36843, 17.07165], [102.33679, 17.07161], [102.33134, 17.07034], [102.32998, 17.07944], [102.33171, 17.08842], [102.33436, 17.08799], [102.33917, 17.09285], [102.34778, 17.09909], [102.34966, 17.10536], [102.35017, 17.11023], [102.34879, 17.11506], [102.35026, 17.11921], [102.35437, 17.11847], [102.35736, 17.12055], [102.36336, 17.12065], [102.36582, 17.12510], [102.37000, 17.12837], [102.37312, 17.12821], [102.37573, 17.13087], [102.38010, 17.13082], [102.39927, 17.13601], [102.40890, 17.14053]]]}}, {"type": "Feature", "properties": {"tam_th": "โนนขมิ้น", "tam_en": "Non Khamin", "tam_code": "TH390109", "amp_th": "เมืองหนองบัวลำภู", "amp_code": "3901", "pro_code": "39", "pro_th": "หนองบัวลำภู"}, "geometry": {"type": "Polygon", "coordinates": [[[102.25517, 17.21776], [102.25603, 17.21660], [102.27475, 17.20862], [102.28111, 17.20228], [102.29101, 17.19658], [102.29464, 17.19293], [102.30747, 17.18548], [102.31666, 17.17694], [102.32045, 17.17471], [102.32722, 17.17275], [102.32466, 17.16638], [102.32318, 17.15877], [102.32313, 17.15456], [102.32659, 17.15336], [102.32117, 17.15338], [102.31944, 17.14984], [102.31786, 17.14980], [102.31604, 17.14704], [102.31690, 17.14620], [102.31679, 17.14245], [102.31898, 17.14096], [102.31747, 17.13841], [102.31797, 17.13654], [102.31600, 17.13321], [102.31914, 17.13207], [102.32111, 17.12950], [102.32156, 17.12163], [102.31971, 17.11770], [102.31684, 17.11852], [102.31422, 17.11773], [102.31072, 17.11996], [102.30771, 17.11976], [102.30784, 17.12069], [102.30547, 17.12086], [102.30633, 17.12573], [102.30367, 17.12636], [102.29969, 17.12522], [102.29676, 17.12737], [102.29348, 17.12543], [102.28757, 17.12751], [102.27840, 17.12655], [102.27791, 17.12846], [102.27464, 17.13194], [102.26928, 17.13140], [102.26602, 17.13251], [102.26683, 17.13554], [102.26314, 17.14258], [102.25780, 17.14616], [102.24992, 17.14730], [102.24170, 17.15237], [102.24328, 17.15805], [102.24098, 17.16498], [102.24330, 17.16719], [102.24579, 17.16636], [102.24771, 17.17620], [102.25187, 17.18617], [102.25011, 17.18983], [102.24769, 17.19122], [102.24788, 17.19354], [102.24518, 17.19804], [102.23955, 17.20144], [102.24464, 17.20619], [102.24603, 17.20898], [102.24766, 17.20914], [102.24783, 17.21055], [102.24967, 17.21156], [102.25016, 17.21602], [102.25517, 17.21776]]]}}, {"type": "Feature", "properties": {"tam_th": "ลำภู", "tam_en": "Lam Phu", "tam_code": "TH390110", "amp_th": "เมืองหนองบัวลำภู", "amp_code": "3901", "pro_code": "39", "pro_th": "หนองบัวลำภู"}, "geometry": {"type": "Polygon", "coordinates": [[[102.46919, 17.20270], [102.45240, 17.20771], [102.45023, 17.20721], [102.43939, 17.20930], [102.43898, 17.20654], [102.43278, 17.20637], [102.43235, 17.20256], [102.43102, 17.20154], [102.43197, 17.19646], [102.42622, 17.19284], [102.42650, 17.19646], [102.42546, 17.19859], [102.42686, 17.20057], [102.42595, 17.20277], [102.42328, 17.20323], [102.42314, 17.20477], [102.42402, 17.20834], [102.42226, 17.21801], [102.42320, 17.22234], [102.42293, 17.24034], [102.42587, 17.24938], [102.42762, 17.25031], [102.42847, 17.25240], [102.42785, 17.25563], [102.42940, 17.26709], [102.43409, 17.27805], [102.43710, 17.28056], [102.44606, 17.26195], [102.45012, 17.25670], [102.46198, 17.23618], [102.46224, 17.22182], [102.46919, 17.20270]]]}}, {"type": "Feature", "properties": {"tam_th": "กุดจิก", "tam_en": "Kut Chik", "tam_code": "TH390111", "amp_th": "เมืองหนองบัวลำภู", "amp_code": "3901", "pro_code": "39", "pro_th": "หนองบัวลำภู"}, "geometry": {"type": "Polygon", "coordinates": [[[102.37948, 17.38430], [102.38349, 17.38325], [102.38489, 17.38370], [102.38743, 17.38205], [102.39104, 17.38210], [102.39440, 17.37996], [102.39991, 17.38272], [102.40459, 17.38248], [102.40608, 17.38150], [102.40803, 17.37544], [102.40969, 17.37421], [102.41398, 17.37540], [102.41613, 17.37449], [102.42118, 17.37582], [102.42758, 17.36649], [102.43120, 17.35388], [102.43641, 17.34320], [102.44103, 17.32564], [102.44004, 17.30153], [102.43710, 17.28056], [102.42795, 17.28285], [102.42300, 17.28550], [102.41950, 17.28543], [102.41802, 17.28657], [102.41552, 17.28616], [102.41314, 17.28737], [102.41156, 17.28498], [102.40990, 17.28563], [102.40421, 17.28458], [102.40238, 17.28543], [102.40125, 17.28408], [102.39947, 17.28580], [102.38950, 17.28429], [102.38487, 17.28612], [102.37955, 17.28666], [102.36968, 17.28492], [102.36308, 17.28679], [102.36026, 17.28470], [102.35405, 17.28713], [102.35008, 17.28667], [102.34264, 17.29009], [102.33566, 17.31293], [102.32824, 17.32869], [102.32235, 17.33258], [102.32080, 17.33603], [102.32305, 17.33733], [102.32352, 17.33942], [102.32733, 17.33981], [102.32859, 17.34237], [102.33012, 17.34225], [102.33007, 17.34373], [102.33178, 17.34610], [102.33125, 17.34687], [102.33272, 17.34687], [102.33440, 17.35019], [102.33545, 17.35117], [102.33609, 17.35068], [102.33645, 17.35351], [102.33803, 17.35467], [102.33728, 17.35564], [102.33819, 17.35593], [102.33686, 17.35676], [102.33813, 17.35974], [102.33902, 17.35958], [102.33897, 17.36208], [102.34001, 17.36235], [102.33851, 17.36465], [102.33916, 17.36578], [102.33781, 17.36663], [102.33823, 17.36785], [102.33693, 17.37209], [102.33819, 17.37439], [102.33734, 17.37459], [102.33767, 17.37564], [102.33944, 17.37768], [102.33868, 17.37859], [102.34007, 17.37958], [102.34271, 17.37533], [102.34216, 17.37304], [102.34728, 17.36827], [102.34832, 17.36559], [102.35178, 17.36379], [102.35290, 17.36152], [102.35472, 17.36154], [102.35550, 17.35989], [102.35798, 17.36000], [102.35885, 17.35809], [102.36017, 17.35830], [102.36321, 17.35343], [102.36775, 17.35226], [102.36902, 17.34937], [102.37168, 17.34816], [102.37377, 17.34932], [102.37507, 17.34834], [102.37948, 17.38430]]]}}, {"type": "Feature", "properties": {"tam_th": "โนนทัน", "tam_en": "Non Than", "tam_code": "TH390112", "amp_th": "เมืองหนองบัวลำภู", "amp_code": "3901", "pro_code": "39", "pro_th": "หนองบัวลำภู"}, "geometry": {"type": "Polygon", "coordinates": [[[102.47669, 17.28386], [102.47984, 17.28464], [102.48474, 17.28250], [102.48705, 17.28308], [102.49813, 17.27371], [102.50157, 17.27189], [102.50435, 17.27268], [102.50560, 17.27410], [102.51058, 17.27525], [102.51680, 17.27270], [102.52015, 17.27390], [102.52617, 17.27125], [102.53864, 17.27619], [102.54356, 17.27539], [102.54838, 17.27690], [102.56104, 17.26888], [102.56830, 17.26902], [102.57365, 17.27029], [102.57827, 17.26916], [102.57680, 17.26754], [102.57666, 17.26476], [102.58158, 17.26440], [102.59269, 17.26586], [102.59464, 17.26373], [102.59277, 17.26249], [102.59322, 17.26123], [102.59113, 17.25934], [102.59164, 17.25802], [102.59083, 17.25803], [102.59067, 17.25691], [102.59157, 17.25398], [102.59001, 17.25230], [102.59062, 17.25168], [102.58889, 17.24944], [102.58777, 17.24972], [102.58851, 17.24879], [102.58750, 17.24869], [102.58749, 17.24784], [102.58585, 17.24814], [102.58550, 17.24617], [102.58440, 17.24550], [102.58534, 17.24382], [102.58501, 17.24149], [102.57818, 17.24016], [102.57445, 17.23365], [102.57192, 17.23412], [102.56978, 17.23651], [102.56734, 17.23271], [102.53830, 17.22550], [102.53538, 17.22860], [102.52944, 17.22690], [102.52737, 17.22517], [102.52287, 17.22503], [102.51838, 17.22547], [102.50460, 17.23038], [102.50217, 17.23009], [102.49994, 17.22876], [102.49541, 17.22239], [102.49081, 17.21947], [102.48979, 17.21213], [102.49112, 17.20751], [102.48439, 17.20607], [102.48038, 17.20364], [102.47543, 17.20450], [102.47104, 17.20213], [102.46919, 17.20270], [102.46312, 17.21820], [102.46168, 17.22560], [102.46198, 17.23618], [102.45012, 17.25670], [102.44606, 17.26195], [102.43710, 17.28056], [102.43774, 17.28235], [102.43875, 17.28162], [102.46068, 17.28716], [102.47669, 17.28386]]]}}, {"type": "Feature", "properties": {"tam_th": "นาคำไฮ", "tam_en": "Na Kham Hai", "tam_code": "TH390113", "amp_th": "เมืองหนองบัวลำภู", "amp_code": "3901", "pro_code": "39", "pro_th": "หนองบัวลำภู"}, "geometry": {"type": "Polygon", "coordinates": [[[102.24038, 17.34442], [102.24269, 17.34410], [102.24539, 17.34223], [102.24746, 17.34224], [102.25053, 17.33871], [102.25052, 17.33505], [102.25357, 17.33265], [102.26914, 17.31304], [102.28181, 17.31141], [102.28488, 17.30831], [102.28682, 17.30902], [102.28770, 17.31185], [102.29194, 17.31640], [102.29859, 17.31733], [102.30575, 17.32165], [102.30659, 17.32115], [102.30841, 17.32357], [102.31214, 17.32304], [102.31332, 17.32476], [102.31319, 17.32827], [102.31521, 17.32856], [102.31718, 17.33046], [102.31739, 17.33291], [102.31653, 17.33379], [102.31759, 17.33553], [102.32080, 17.33603], [102.32235, 17.33258], [102.32805, 17.32904], [102.33566, 17.31293], [102.34264, 17.29009], [102.34755, 17.28137], [102.36145, 17.26303], [102.36234, 17.26057], [102.36146, 17.25871], [102.36172, 17.25634], [102.36281, 17.25371], [102.35312, 17.24565], [102.35133, 17.24175], [102.34927, 17.24145], [102.34203, 17.23406], [102.34072, 17.22924], [102.33684, 17.22501], [102.34163, 17.22254], [102.34074, 17.21893], [102.33873, 17.21769], [102.33855, 17.21619], [102.33700, 17.21605], [102.33783, 17.21467], [102.33564, 17.21264], [102.33409, 17.21534], [102.33298, 17.21441], [102.33350, 17.21366], [102.33233, 17.21346], [102.33221, 17.21631], [102.32895, 17.21730], [102.32886, 17.21840], [102.32794, 17.21757], [102.32687, 17.21844], [102.32604, 17.21750], [102.32572, 17.21857], [102.32446, 17.21775], [102.32406, 17.21937], [102.32036, 17.21939], [102.31921, 17.22184], [102.31671, 17.22282], [102.31750, 17.22355], [102.31572, 17.22445], [102.31598, 17.22622], [102.31333, 17.22588], [102.31254, 17.22669], [102.31076, 17.22495], [102.31040, 17.22773], [102.30781, 17.22706], [102.30535, 17.22845], [102.30355, 17.22526], [102.30229, 17.22617], [102.30334, 17.22641], [102.30250, 17.22705], [102.30311, 17.22885], [102.30148, 17.22908], [102.30087, 17.23037], [102.29884, 17.22894], [102.29863, 17.23105], [102.29574, 17.23256], [102.29271, 17.23127], [102.29374, 17.23215], [102.29279, 17.23232], [102.29286, 17.23417], [102.29146, 17.23575], [102.29032, 17.23495], [102.28626, 17.23534], [102.28672, 17.23353], [102.28544, 17.23281], [102.28497, 17.23421], [102.28363, 17.23371], [102.28287, 17.23434], [102.28337, 17.23536], [102.28088, 17.23632], [102.28108, 17.23713], [102.27714, 17.24186], [102.27760, 17.24308], [102.27857, 17.24278], [102.27796, 17.24665], [102.27554, 17.24618], [102.27482, 17.24716], [102.27498, 17.25101], [102.27724, 17.25158], [102.27624, 17.25535], [102.27553, 17.25591], [102.27468, 17.25505], [102.27428, 17.25637], [102.27074, 17.25777], [102.27175, 17.25838], [102.27101, 17.25897], [102.27281, 17.25913], [102.27330, 17.26295], [102.27456, 17.26399], [102.27369, 17.26525], [102.27448, 17.26488], [102.27531, 17.26664], [102.27516, 17.27103], [102.27231, 17.27348], [102.27129, 17.27323], [102.27066, 17.27672], [102.26865, 17.27809], [102.26908, 17.27920], [102.26758, 17.28223], [102.26591, 17.28347], [102.26467, 17.28314], [102.26324, 17.28461], [102.26298, 17.28714], [102.26186, 17.28760], [102.26136, 17.28960], [102.25744, 17.29207], [102.25379, 17.29976], [102.25413, 17.30278], [102.24978, 17.30665], [102.24877, 17.31019], [102.24493, 17.31369], [102.24180, 17.31213], [102.24039, 17.31264], [102.23618, 17.32654], [102.23696, 17.32891], [102.23830, 17.32948], [102.23820, 17.33099], [102.24053, 17.33221], [102.24118, 17.33502], [102.24225, 17.33576], [102.23820, 17.34265], [102.24038, 17.34442]]]}}, {"type": "Feature", "properties": {"tam_th": "ป่าไม้งาม", "tam_en": "Pa Mai Ngam", "tam_code": "TH390114", "amp_th": "เมืองหนองบัวลำภู", "amp_code": "3901", "pro_code": "39", "pro_th": "หนองบัวลำภู"}, "geometry": {"type": "Polygon", "coordinates": [[[102.33061, 17.02759], [102.34602, 17.02125], [102.40319, 16.97405], [102.41369, 16.96633], [102.42074, 16.96300], [102.41937, 16.95403], [102.41602, 16.94326], [102.41582, 16.93751], [102.41309, 16.92979], [102.41240, 16.92357], [102.40667, 16.91738], [102.40362, 16.91796], [102.39666, 16.92743], [102.38922, 16.92925], [102.38709, 16.92858], [102.38699, 16.92721], [102.38444, 16.92588], [102.38355, 16.92714], [102.38295, 16.92628], [102.38188, 16.92679], [102.37878, 16.92574], [102.37208, 16.92916], [102.37635, 16.93977], [102.37538, 16.94594], [102.37617, 16.94923], [102.37306, 16.95295], [102.37083, 16.95349], [102.36629, 16.94940], [102.36253, 16.94993], [102.35865, 16.94802], [102.35680, 16.94817], [102.35441, 16.95060], [102.35047, 16.95190], [102.34804, 16.95877], [102.34317, 16.96438], [102.34007, 16.96514], [102.33660, 16.96450], [102.33184, 16.96044], [102.33078, 16.95793], [102.32693, 16.95685], [102.32105, 16.96178], [102.32075, 16.96555], [102.32216, 16.97113], [102.32193, 16.98262], [102.32333, 16.98543], [102.32037, 16.99223], [102.32425, 17.00045], [102.32480, 17.00517], [102.32678, 17.00799], [102.32478, 17.01278], [102.32343, 17.01359], [102.32805, 17.01962], [102.32706, 17.01955], [102.32693, 17.02135], [102.33061, 17.02759]]]}}, {"type": "Feature", "properties": {"tam_th": "หนองหว้า", "tam_en": "Nong Wa", "tam_code": "TH390115", "amp_th": "เมืองหนองบัวลำภู", "amp_code": "3901", "pro_code": "39", "pro_th": "หนองบัวลำภู"}, "geometry": {"type": "Polygon", "coordinates": [[[102.36267, 17.19654], [102.36265, 17.19450], [102.36438, 17.19460], [102.36480, 17.19377], [102.36656, 17.19437], [102.36664, 17.19275], [102.36716, 17.19491], [102.36951, 17.19503], [102.37008, 17.19615], [102.37094, 17.19465], [102.36978, 17.19163], [102.37038, 17.18988], [102.36953, 17.18866], [102.36830, 17.19055], [102.36783, 17.18840], [102.36921, 17.18795], [102.36795, 17.18745], [102.37011, 17.18724], [102.36984, 17.18642], [102.37149, 17.18694], [102.37155, 17.18587], [102.37277, 17.18544], [102.37592, 17.18694], [102.37628, 17.18547], [102.37828, 17.18585], [102.37995, 17.18403], [102.38241, 17.18499], [102.38262, 17.18406], [102.38385, 17.18395], [102.38310, 17.18269], [102.38452, 17.18171], [102.38569, 17.18234], [102.38515, 17.17943], [102.38662, 17.18026], [102.38735, 17.17693], [102.38846, 17.17621], [102.38970, 17.17725], [102.38927, 17.17830], [102.39049, 17.17715], [102.38955, 17.17602], [102.39070, 17.17426], [102.38765, 17.17209], [102.38657, 17.17278], [102.38619, 17.17077], [102.38846, 17.16652], [102.38871, 17.16388], [102.38494, 17.15722], [102.38507, 17.15590], [102.36336, 17.12065], [102.35736, 17.12055], [102.35437, 17.11847], [102.35024, 17.11919], [102.34879, 17.11506], [102.35017, 17.11023], [102.34966, 17.10536], [102.34749, 17.09868], [102.33917, 17.09285], [102.33434, 17.08798], [102.32952, 17.08887], [102.32860, 17.09069], [102.32723, 17.09119], [102.32771, 17.09433], [102.32586, 17.09521], [102.32714, 17.10189], [102.32566, 17.10777], [102.32351, 17.10861], [102.32413, 17.11078], [102.31899, 17.11670], [102.32154, 17.12144], [102.32168, 17.12466], [102.32111, 17.12950], [102.31914, 17.13207], [102.31600, 17.13321], [102.31797, 17.13654], [102.31747, 17.13841], [102.31898, 17.14096], [102.31679, 17.14245], [102.31702, 17.14544], [102.31607, 17.14716], [102.31786, 17.14980], [102.31944, 17.14984], [102.32117, 17.15338], [102.32659, 17.15336], [102.32313, 17.15456], [102.32318, 17.15877], [102.32466, 17.16638], [102.32722, 17.17275], [102.33411, 17.17915], [102.34086, 17.18245], [102.34690, 17.18903], [102.35177, 17.18859], [102.35557, 17.18983], [102.35794, 17.18928], [102.35897, 17.19268], [102.35995, 17.19267], [102.36267, 17.19654]]]}}, {"type": "Feature", "properties": {"tam_th": "นากลาง", "tam_en": "Na Klang", "tam_code": "TH390201", "amp_th": "นากลาง", "amp_code": "3902", "pro_code": "39", "pro_th": "หนองบัวลำภู"}, "geometry": {"type": "Polygon", "coordinates": [[[102.20977, 17.35189], [102.21034, 17.35105], [102.21238, 17.35152], [102.21167, 17.34996], [102.21323, 17.34836], [102.21451, 17.34868], [102.21461, 17.34770], [102.21887, 17.34781], [102.21953, 17.34693], [102.22007, 17.34765], [102.22087, 17.34596], [102.22386, 17.34448], [102.22868, 17.34492], [102.23125, 17.34301], [102.23197, 17.34131], [102.23420, 17.34165], [102.23684, 17.34349], [102.23877, 17.34187], [102.24222, 17.33602], [102.24053, 17.33221], [102.23820, 17.33099], [102.23827, 17.32941], [102.23696, 17.32891], [102.23618, 17.32656], [102.24039, 17.31264], [102.24180, 17.31213], [102.24481, 17.31372], [102.24795, 17.31116], [102.24978, 17.30665], [102.25413, 17.30278], [102.25379, 17.29976], [102.25744, 17.29207], [102.26131, 17.28966], [102.26186, 17.28760], [102.26299, 17.28709], [102.24492, 17.27549], [102.23604, 17.27578], [102.23364, 17.27441], [102.23404, 17.27238], [102.23282, 17.27139], [102.22966, 17.27509], [102.22860, 17.28012], [102.22076, 17.27757], [102.21523, 17.27743], [102.21498, 17.27848], [102.21335, 17.27829], [102.21267, 17.28138], [102.21132, 17.28162], [102.21262, 17.28307], [102.21215, 17.28396], [102.20817, 17.28473], [102.20691, 17.28644], [102.20567, 17.28608], [102.20496, 17.28736], [102.20570, 17.28846], [102.20395, 17.28793], [102.20400, 17.29046], [102.20293, 17.29222], [102.19936, 17.29281], [102.19767, 17.29668], [102.19621, 17.29505], [102.19174, 17.29309], [102.18831, 17.29256], [102.18548, 17.29329], [102.18331, 17.29562], [102.18357, 17.29790], [102.18255, 17.29978], [102.18479, 17.30731], [102.17170, 17.31208], [102.17407, 17.31445], [102.17267, 17.32072], [102.16933, 17.32231], [102.16773, 17.32546], [102.16586, 17.32558], [102.15765, 17.33245], [102.15664, 17.33885], [102.15838, 17.34116], [102.16332, 17.33929], [102.16691, 17.33940], [102.16912, 17.33740], [102.17075, 17.33358], [102.17660, 17.33195], [102.17706, 17.33250], [102.17888, 17.33055], [102.18300, 17.33282], [102.18464, 17.33056], [102.18892, 17.33155], [102.18965, 17.33082], [102.19114, 17.33151], [102.19421, 17.33086], [102.19377, 17.33604], [102.20019, 17.33710], [102.19926, 17.34057], [102.20081, 17.34827], [102.20342, 17.35109], [102.20765, 17.34859], [102.20977, 17.35189]]]}}, {"type": "Feature", "properties": {"tam_th": "ด่านช้าง", "tam_en": "Dan Chang", "tam_code": "TH390202", "amp_th": "นากลาง", "amp_code": "3902", "pro_code": "39", "pro_th": "หนองบัวลำภู"}, "geometry": {"type": "Polygon", "coordinates": [[[102.13857, 17.36823], [102.14410, 17.36176], [102.14540, 17.35857], [102.14545, 17.35568], [102.14336, 17.35163], [102.14336, 17.34939], [102.14930, 17.34510], [102.15182, 17.34586], [102.15526, 17.34860], [102.15665, 17.34831], [102.15842, 17.34393], [102.15838, 17.34116], [102.15667, 17.33901], [102.15650, 17.33656], [102.15788, 17.33208], [102.16163, 17.32988], [102.16586, 17.32558], [102.16773, 17.32546], [102.16933, 17.32231], [102.17267, 17.32072], [102.17407, 17.31445], [102.17170, 17.31208], [102.18479, 17.30731], [102.18255, 17.29978], [102.18357, 17.29790], [102.18331, 17.29562], [102.18548, 17.29329], [102.18831, 17.29256], [102.18912, 17.27876], [102.18160, 17.28175], [102.18016, 17.28107], [102.17969, 17.27930], [102.17637, 17.27859], [102.17530, 17.27738], [102.17339, 17.27728], [102.17327, 17.27854], [102.17229, 17.27866], [102.17189, 17.27642], [102.16504, 17.27698], [102.16448, 17.27796], [102.16353, 17.27656], [102.16224, 17.27762], [102.15990, 17.27590], [102.15666, 17.27722], [102.15376, 17.27680], [102.15220, 17.27513], [102.13968, 17.27412], [102.13913, 17.27252], [102.13837, 17.27271], [102.14059, 17.29798], [102.14144, 17.29979], [102.13962, 17.29927], [102.14047, 17.30029], [102.13921, 17.30123], [102.13926, 17.30020], [102.13621, 17.30015], [102.13524, 17.29909], [102.13504, 17.29993], [102.13236, 17.30061], [102.13222, 17.30218], [102.13055, 17.30232], [102.12972, 17.30393], [102.12821, 17.30413], [102.12713, 17.30318], [102.12726, 17.30507], [102.12500, 17.30434], [102.12366, 17.30562], [102.12393, 17.30454], [102.12303, 17.30483], [102.12178, 17.30315], [102.12104, 17.30356], [102.12168, 17.30460], [102.12043, 17.30537], [102.12156, 17.30591], [102.12096, 17.30755], [102.12047, 17.30642], [102.11894, 17.30627], [102.11905, 17.30820], [102.11999, 17.30922], [102.12102, 17.30878], [102.12149, 17.31006], [102.11824, 17.31748], [102.11741, 17.32205], [102.11842, 17.32268], [102.10702, 17.33249], [102.11024, 17.33278], [102.11742, 17.33817], [102.11471, 17.34184], [102.11371, 17.35156], [102.11509, 17.35685], [102.11609, 17.35760], [102.11681, 17.36249], [102.11870, 17.36167], [102.12165, 17.36412], [102.12510, 17.36399], [102.12609, 17.36636], [102.12741, 17.36693], [102.13215, 17.36810], [102.13857, 17.36823]]]}}, {"type": "Feature", "properties": {"tam_th": "กุดดินจี่", "tam_en": "Kut Din Chi", "tam_code": "TH390205", "amp_th": "นากลาง", "amp_code": "3902", "pro_code": "39", "pro_th": "หนองบัวลำภู"}, "geometry": {"type": "Polygon", "coordinates": [[[102.19971, 17.42302], [102.21245, 17.40640], [102.21765, 17.40434], [102.22155, 17.40452], [102.22263, 17.40344], [102.22444, 17.40449], [102.22681, 17.40372], [102.22756, 17.40233], [102.22825, 17.40281], [102.22987, 17.40081], [102.23005, 17.39900], [102.23122, 17.39837], [102.23057, 17.39696], [102.23151, 17.39697], [102.23284, 17.39281], [102.23582, 17.39105], [102.23591, 17.38921], [102.23755, 17.38953], [102.23879, 17.38744], [102.24088, 17.38742], [102.24164, 17.38512], [102.24293, 17.38500], [102.24329, 17.38253], [102.24766, 17.37843], [102.25055, 17.37907], [102.25108, 17.38222], [102.25310, 17.38407], [102.25546, 17.38858], [102.26227, 17.39417], [102.26365, 17.40166], [102.26503, 17.40418], [102.29763, 17.39060], [102.29748, 17.38806], [102.29970, 17.38473], [102.30449, 17.38206], [102.30390, 17.38092], [102.30638, 17.37821], [102.30309, 17.37631], [102.30331, 17.37350], [102.30194, 17.37323], [102.30178, 17.37038], [102.30364, 17.36828], [102.30434, 17.36394], [102.30965, 17.35938], [102.31006, 17.35590], [102.31461, 17.34566], [102.32476, 17.34133], [102.32457, 17.33959], [102.32351, 17.33941], [102.32231, 17.33676], [102.31687, 17.33467], [102.31718, 17.33046], [102.31521, 17.32856], [102.31319, 17.32827], [102.31332, 17.32476], [102.31214, 17.32304], [102.30841, 17.32357], [102.30659, 17.32115], [102.30575, 17.32165], [102.29859, 17.31733], [102.29194, 17.31640], [102.28770, 17.31185], [102.28682, 17.30902], [102.28493, 17.30831], [102.28181, 17.31141], [102.26914, 17.31304], [102.25357, 17.33265], [102.25052, 17.33505], [102.25053, 17.33871], [102.24746, 17.34224], [102.24523, 17.34228], [102.24458, 17.34327], [102.24018, 17.34460], [102.23833, 17.34237], [102.23677, 17.34350], [102.23420, 17.34165], [102.23200, 17.34131], [102.22868, 17.34492], [102.22386, 17.34448], [102.22087, 17.34596], [102.22007, 17.34765], [102.21963, 17.34694], [102.21887, 17.34781], [102.21724, 17.34720], [102.21264, 17.34870], [102.21166, 17.35000], [102.21238, 17.35152], [102.21039, 17.35101], [102.20743, 17.35313], [102.20675, 17.35252], [102.20661, 17.35357], [102.20537, 17.35389], [102.20541, 17.35520], [102.20343, 17.35552], [102.20083, 17.36100], [102.19791, 17.36347], [102.19818, 17.36451], [102.19572, 17.36544], [102.19203, 17.36915], [102.18911, 17.37804], [102.18481, 17.38251], [102.17846, 17.39628], [102.16677, 17.40977], [102.16822, 17.41216], [102.17518, 17.41211], [102.18110, 17.41463], [102.18777, 17.41454], [102.19245, 17.41898], [102.19579, 17.42438], [102.19691, 17.42463], [102.19971, 17.42302]]]}}, {"type": "Feature", "properties": {"tam_th": "ฝั่งแดง", "tam_en": "Fang Daeng", "tam_code": "TH390206", "amp_th": "นากลาง", "amp_code": "3902", "pro_code": "39", "pro_th": "หนองบัวลำภู"}, "geometry": {"type": "Polygon", "coordinates": [[[102.19787, 17.29648], [102.19943, 17.29276], [102.20293, 17.29222], [102.20400, 17.29046], [102.20395, 17.28793], [102.20570, 17.28846], [102.20496, 17.28736], [102.20567, 17.28608], [102.20691, 17.28644], [102.20817, 17.28473], [102.21215, 17.28396], [102.21262, 17.28307], [102.21132, 17.28162], [102.21267, 17.28138], [102.21335, 17.27829], [102.21498, 17.27848], [102.21523, 17.27743], [102.22076, 17.27757], [102.22860, 17.28012], [102.22966, 17.27509], [102.23282, 17.27139], [102.23404, 17.27238], [102.23361, 17.27436], [102.23525, 17.27539], [102.24492, 17.27549], [102.26273, 17.28696], [102.26324, 17.28461], [102.26467, 17.28314], [102.26591, 17.28347], [102.26758, 17.28223], [102.26908, 17.27920], [102.26865, 17.27809], [102.27066, 17.27672], [102.27129, 17.27323], [102.27231, 17.27348], [102.27516, 17.27103], [102.27531, 17.26664], [102.27448, 17.26488], [102.27369, 17.26525], [102.27456, 17.26399], [102.27330, 17.26295], [102.27281, 17.25913], [102.27101, 17.25897], [102.27175, 17.25838], [102.27075, 17.25774], [102.27428, 17.25637], [102.27468, 17.25505], [102.27553, 17.25591], [102.27622, 17.25540], [102.27724, 17.25158], [102.27498, 17.25101], [102.27483, 17.24714], [102.27554, 17.24618], [102.27794, 17.24668], [102.27857, 17.24278], [102.27760, 17.24308], [102.27716, 17.24180], [102.28105, 17.23717], [102.28088, 17.23632], [102.28337, 17.23536], [102.28287, 17.23434], [102.28363, 17.23371], [102.28497, 17.23421], [102.28506, 17.23293], [102.28249, 17.23124], [102.28111, 17.23301], [102.28025, 17.23217], [102.27960, 17.23336], [102.27870, 17.23245], [102.27881, 17.23321], [102.27782, 17.23291], [102.27542, 17.23094], [102.27493, 17.22693], [102.27188, 17.22608], [102.27240, 17.22523], [102.27065, 17.22396], [102.27079, 17.22262], [102.26830, 17.22087], [102.26562, 17.22133], [102.26405, 17.21972], [102.26095, 17.22151], [102.25502, 17.21768], [102.25016, 17.21602], [102.24967, 17.21156], [102.24783, 17.21055], [102.24766, 17.20914], [102.24603, 17.20898], [102.24464, 17.20619], [102.23955, 17.20144], [102.24505, 17.19817], [102.24786, 17.19358], [102.24767, 17.19126], [102.24633, 17.18941], [102.24103, 17.18922], [102.22712, 17.18534], [102.22425, 17.18551], [102.21516, 17.19163], [102.20950, 17.19108], [102.20682, 17.19321], [102.20439, 17.18732], [102.19877, 17.19189], [102.19826, 17.19339], [102.19587, 17.19441], [102.19623, 17.19523], [102.18878, 17.19767], [102.18493, 17.20120], [102.18266, 17.20128], [102.17788, 17.20451], [102.17600, 17.20463], [102.17374, 17.20765], [102.17220, 17.20677], [102.17091, 17.20809], [102.17505, 17.20904], [102.17541, 17.21022], [102.17406, 17.21222], [102.17195, 17.21301], [102.17177, 17.21541], [102.16781, 17.21717], [102.16557, 17.22013], [102.16486, 17.23215], [102.16555, 17.23886], [102.17142, 17.25450], [102.17698, 17.25620], [102.18189, 17.25991], [102.18577, 17.26048], [102.18672, 17.26311], [102.19139, 17.26707], [102.19178, 17.26855], [102.19371, 17.26843], [102.19569, 17.27068], [102.19338, 17.27475], [102.19041, 17.27660], [102.18912, 17.27876], [102.18831, 17.29256], [102.19616, 17.29503], [102.19706, 17.29675], [102.19787, 17.29648]]]}}, {"type": "Feature", "properties": {"tam_th": "เก่ากลอย", "tam_en": "Kao Kloi", "tam_code": "TH390207", "amp_th": "นากลาง", "amp_code": "3902", "pro_code": "39", "pro_th": "หนองบัวลำภู"}, "geometry": {"type": "Polygon", "coordinates": [[[102.34234, 17.44894], [102.34356, 17.44840], [102.34499, 17.44700], [102.34482, 17.44492], [102.34562, 17.44416], [102.34777, 17.44453], [102.34736, 17.44309], [102.34807, 17.44249], [102.35065, 17.44345], [102.35126, 17.44186], [102.35342, 17.44197], [102.35308, 17.44109], [102.35713, 17.43896], [102.35828, 17.43742], [102.35680, 17.43647], [102.35763, 17.43386], [102.35410, 17.43225], [102.35465, 17.42934], [102.35557, 17.42879], [102.35476, 17.42806], [102.35587, 17.42794], [102.35547, 17.42667], [102.35742, 17.42613], [102.35832, 17.42429], [102.35956, 17.42502], [102.36232, 17.42443], [102.36249, 17.42355], [102.36423, 17.42376], [102.36456, 17.42170], [102.36745, 17.41923], [102.36906, 17.41932], [102.36992, 17.41722], [102.37136, 17.41745], [102.37355, 17.41579], [102.37631, 17.41689], [102.37816, 17.41556], [102.37960, 17.41643], [102.38098, 17.41570], [102.39860, 17.41463], [102.42118, 17.37582], [102.41565, 17.37444], [102.41386, 17.37539], [102.40985, 17.37415], [102.40803, 17.37544], [102.40608, 17.38150], [102.40419, 17.38263], [102.39991, 17.38272], [102.39440, 17.37996], [102.39104, 17.38210], [102.38743, 17.38205], [102.38489, 17.38370], [102.38349, 17.38325], [102.38245, 17.38433], [102.37988, 17.38458], [102.37507, 17.34834], [102.37369, 17.34933], [102.37168, 17.34816], [102.36902, 17.34937], [102.36793, 17.35209], [102.36640, 17.35315], [102.36324, 17.35340], [102.36024, 17.35823], [102.35885, 17.35809], [102.35799, 17.35999], [102.35551, 17.35988], [102.35472, 17.36154], [102.35290, 17.36152], [102.35178, 17.36379], [102.34832, 17.36559], [102.34728, 17.36827], [102.34216, 17.37304], [102.34271, 17.37533], [102.34002, 17.37956], [102.33868, 17.37859], [102.33944, 17.37768], [102.33767, 17.37564], [102.33734, 17.37459], [102.33819, 17.37439], [102.33693, 17.37209], [102.33823, 17.36785], [102.33781, 17.36663], [102.33916, 17.36578], [102.33851, 17.36465], [102.34001, 17.36235], [102.33897, 17.36208], [102.33902, 17.35958], [102.33813, 17.35974], [102.33686, 17.35676], [102.33819, 17.35593], [102.33728, 17.35564], [102.33803, 17.35467], [102.33645, 17.35351], [102.33609, 17.35068], [102.33545, 17.35117], [102.33440, 17.35019], [102.33272, 17.34687], [102.33125, 17.34687], [102.33178, 17.34610], [102.33007, 17.34373], [102.33012, 17.34225], [102.32859, 17.34237], [102.32733, 17.33981], [102.32492, 17.33980], [102.32476, 17.34133], [102.31461, 17.34566], [102.31006, 17.35590], [102.30965, 17.35938], [102.30434, 17.36394], [102.30364, 17.36828], [102.30178, 17.37038], [102.30194, 17.37323], [102.30331, 17.37350], [102.30309, 17.37631], [102.30638, 17.37821], [102.30390, 17.38092], [102.30449, 17.38206], [102.29970, 17.38473], [102.29748, 17.38806], [102.29764, 17.39059], [102.26591, 17.40347], [102.26726, 17.42140], [102.26987, 17.42095], [102.28457, 17.42246], [102.28658, 17.42167], [102.29454, 17.41410], [102.29394, 17.41164], [102.29577, 17.41116], [102.30000, 17.41214], [102.30412, 17.40932], [102.31138, 17.41000], [102.31246, 17.41167], [102.31317, 17.41105], [102.31341, 17.41446], [102.31570, 17.41579], [102.31576, 17.41729], [102.31465, 17.41844], [102.31548, 17.42042], [102.31428, 17.42047], [102.31523, 17.42177], [102.31472, 17.42456], [102.31528, 17.42520], [102.31608, 17.42457], [102.31513, 17.42683], [102.31747, 17.42884], [102.31740, 17.42971], [102.31641, 17.42926], [102.31607, 17.43200], [102.32085, 17.43201], [102.32774, 17.43446], [102.33769, 17.44313], [102.34234, 17.44894]]]}}, {"type": "Feature", "properties": {"tam_th": "โนนเมือง", "tam_en": "Non Mueang", "tam_code": "TH390209", "amp_th": "นากลาง", "amp_code": "3902", "pro_code": "39", "pro_th": "หนองบัวลำภู"}, "geometry": {"type": "Polygon", "coordinates": [[[102.17074, 17.20799], [102.17220, 17.20677], [102.17374, 17.20765], [102.17600, 17.20463], [102.17788, 17.20451], [102.18268, 17.20128], [102.18493, 17.20120], [102.18878, 17.19767], [102.19623, 17.19523], [102.19587, 17.19441], [102.19826, 17.19339], [102.19877, 17.19189], [102.20439, 17.18732], [102.20682, 17.19321], [102.20950, 17.19108], [102.21516, 17.19163], [102.22425, 17.18551], [102.22712, 17.18534], [102.24103, 17.18922], [102.24603, 17.18932], [102.24767, 17.19126], [102.25009, 17.18985], [102.25177, 17.18553], [102.24774, 17.17628], [102.24581, 17.16641], [102.24330, 17.16719], [102.24098, 17.16498], [102.24328, 17.15805], [102.24140, 17.15316], [102.24992, 17.14730], [102.25417, 17.14639], [102.24918, 17.14303], [102.24676, 17.13990], [102.24698, 17.13901], [102.24491, 17.13731], [102.24089, 17.13757], [102.23915, 17.13661], [102.23755, 17.13469], [102.23669, 17.13119], [102.23368, 17.13025], [102.23243, 17.12816], [102.23166, 17.12826], [102.23119, 17.13024], [102.22755, 17.13191], [102.22769, 17.13336], [102.22907, 17.13350], [102.22831, 17.13729], [102.22737, 17.13740], [102.22761, 17.13838], [102.22874, 17.13839], [102.22811, 17.14154], [102.22663, 17.14166], [102.22612, 17.14421], [102.22418, 17.14292], [102.22442, 17.14405], [102.22339, 17.14450], [102.22182, 17.14813], [102.21888, 17.14914], [102.21843, 17.15112], [102.21132, 17.15146], [102.21180, 17.15071], [102.21018, 17.15049], [102.20884, 17.15163], [102.20726, 17.15115], [102.20556, 17.15342], [102.20220, 17.15456], [102.19479, 17.15356], [102.19310, 17.15471], [102.19281, 17.15395], [102.19098, 17.15563], [102.19176, 17.15630], [102.18993, 17.15761], [102.19006, 17.15858], [102.18888, 17.15957], [102.18646, 17.15938], [102.18633, 17.16161], [102.18410, 17.16198], [102.18511, 17.16287], [102.18064, 17.16756], [102.17886, 17.16693], [102.17735, 17.16770], [102.17453, 17.16567], [102.17252, 17.16581], [102.16759, 17.16337], [102.16727, 17.16456], [102.16206, 17.16571], [102.16128, 17.16784], [102.15828, 17.16730], [102.15751, 17.16915], [102.15421, 17.16979], [102.15047, 17.17298], [102.14788, 17.17267], [102.14783, 17.17397], [102.14463, 17.17467], [102.14202, 17.17671], [102.13984, 17.17532], [102.13807, 17.17622], [102.13479, 17.17291], [102.13088, 17.17261], [102.12940, 17.17408], [102.12895, 17.17687], [102.12708, 17.17743], [102.12369, 17.18079], [102.12311, 17.18196], [102.13117, 17.18840], [102.15205, 17.18981], [102.16311, 17.19551], [102.16599, 17.20534], [102.16852, 17.20778], [102.17074, 17.20799]]]}}, {"type": "Feature", "properties": {"tam_th": "อุทัยสวรรค์", "tam_en": "Uthai Sawan", "tam_code": "TH390210", "amp_th": "นากลาง", "amp_code": "3902", "pro_code": "39", "pro_th": "หนองบัวลำภู"}, "geometry": {"type": "Polygon", "coordinates": [[[102.18160, 17.28175], [102.18912, 17.27876], [102.19041, 17.27660], [102.19338, 17.27475], [102.19570, 17.27072], [102.19371, 17.26843], [102.19178, 17.26855], [102.19139, 17.26707], [102.18672, 17.26311], [102.18577, 17.26048], [102.18189, 17.25991], [102.17698, 17.25620], [102.17146, 17.25454], [102.16820, 17.24695], [102.16512, 17.23554], [102.16557, 17.22013], [102.16781, 17.21717], [102.17190, 17.21527], [102.17195, 17.21301], [102.17410, 17.21218], [102.17543, 17.20957], [102.17141, 17.20875], [102.16947, 17.20736], [102.16852, 17.20778], [102.16627, 17.20573], [102.16311, 17.19551], [102.15205, 17.18981], [102.13117, 17.18840], [102.12311, 17.18196], [102.12248, 17.18787], [102.11719, 17.19015], [102.11706, 17.19118], [102.11550, 17.19188], [102.11394, 17.19634], [102.11095, 17.19774], [102.11014, 17.19925], [102.11180, 17.20193], [102.11187, 17.20580], [102.11104, 17.20754], [102.10914, 17.20744], [102.10935, 17.20959], [102.10687, 17.21106], [102.10531, 17.21369], [102.10248, 17.22299], [102.10548, 17.22813], [102.10562, 17.22997], [102.09629, 17.23392], [102.09411, 17.23918], [102.09420, 17.24373], [102.09228, 17.24995], [102.09310, 17.25079], [102.09672, 17.24964], [102.10483, 17.25055], [102.10586, 17.25228], [102.11071, 17.25462], [102.11283, 17.25758], [102.11482, 17.25796], [102.12026, 17.26237], [102.13878, 17.27120], [102.13968, 17.27412], [102.15220, 17.27513], [102.15376, 17.27680], [102.15666, 17.27722], [102.16076, 17.27603], [102.16224, 17.27762], [102.16353, 17.27656], [102.16441, 17.27796], [102.16504, 17.27698], [102.17189, 17.27642], [102.17229, 17.27866], [102.17327, 17.27854], [102.17339, 17.27728], [102.17530, 17.27738], [102.17637, 17.27859], [102.17969, 17.27930], [102.18016, 17.28107], [102.18160, 17.28175]]]}}, {"type": "Feature", "properties": {"tam_th": "ดงสวรรค์", "tam_en": "Dong Sawan", "tam_code": "TH390211", "amp_th": "นากลาง", "amp_code": "3902", "pro_code": "39", "pro_th": "หนองบัวลำภู"}, "geometry": {"type": "Polygon", "coordinates": [[[102.12917, 17.49785], [102.13372, 17.49628], [102.13509, 17.49205], [102.13701, 17.49299], [102.13868, 17.49201], [102.14019, 17.49255], [102.14145, 17.49188], [102.14131, 17.49088], [102.14373, 17.49101], [102.14361, 17.48913], [102.14706, 17.48863], [102.15047, 17.48602], [102.15089, 17.48750], [102.15621, 17.48710], [102.15888, 17.49266], [102.16332, 17.49438], [102.16865, 17.49502], [102.17564, 17.49360], [102.18718, 17.48611], [102.19846, 17.47474], [102.19908, 17.47277], [102.20199, 17.47318], [102.20475, 17.47183], [102.21086, 17.47142], [102.21365, 17.46996], [102.21506, 17.47126], [102.21731, 17.47789], [102.22098, 17.46461], [102.23223, 17.45973], [102.24221, 17.45348], [102.24004, 17.44504], [102.24948, 17.44341], [102.25003, 17.44180], [102.25191, 17.44172], [102.25448, 17.43902], [102.25827, 17.43828], [102.25822, 17.43740], [102.25712, 17.43725], [102.25783, 17.43668], [102.25643, 17.43424], [102.25808, 17.43320], [102.26253, 17.42434], [102.26726, 17.42140], [102.26591, 17.40347], [102.26503, 17.40418], [102.26365, 17.40166], [102.26227, 17.39417], [102.25546, 17.38858], [102.25310, 17.38407], [102.25108, 17.38222], [102.25055, 17.37907], [102.24837, 17.37830], [102.24626, 17.37905], [102.24570, 17.38094], [102.24319, 17.38268], [102.24293, 17.38500], [102.24164, 17.38512], [102.24088, 17.38742], [102.23879, 17.38744], [102.23755, 17.38953], [102.23589, 17.38923], [102.23582, 17.39105], [102.23281, 17.39284], [102.23151, 17.39697], [102.23057, 17.39696], [102.23122, 17.39837], [102.23005, 17.39900], [102.22987, 17.40081], [102.22825, 17.40281], [102.22756, 17.40233], [102.22681, 17.40372], [102.22444, 17.40449], [102.22263, 17.40344], [102.22155, 17.40452], [102.21765, 17.40434], [102.21245, 17.40640], [102.19817, 17.42453], [102.19579, 17.42438], [102.19245, 17.41898], [102.18750, 17.41442], [102.18110, 17.41463], [102.17518, 17.41211], [102.16822, 17.41216], [102.16677, 17.40977], [102.16147, 17.41335], [102.15547, 17.41526], [102.15111, 17.41815], [102.14066, 17.43248], [102.13120, 17.44276], [102.12704, 17.45689], [102.12757, 17.45892], [102.12666, 17.45902], [102.12918, 17.46108], [102.12636, 17.46170], [102.12591, 17.46385], [102.12436, 17.46313], [102.12456, 17.46577], [102.12273, 17.46746], [102.12249, 17.47079], [102.12161, 17.47049], [102.12083, 17.47312], [102.11743, 17.47306], [102.11730, 17.47234], [102.11824, 17.47236], [102.11778, 17.46971], [102.11532, 17.46914], [102.11343, 17.46739], [102.11392, 17.46873], [102.11267, 17.46866], [102.11093, 17.47069], [102.10888, 17.47600], [102.10764, 17.47676], [102.10620, 17.47514], [102.10445, 17.47610], [102.10594, 17.47696], [102.10830, 17.48097], [102.11138, 17.48159], [102.11445, 17.48352], [102.12127, 17.48462], [102.12386, 17.48769], [102.12596, 17.48837], [102.12653, 17.49047], [102.12851, 17.49198], [102.12917, 17.49785]]]}}, {"type": "Feature", "properties": {"tam_th": "กุดแห่", "tam_en": "Kut Hae", "tam_code": "TH390213", "amp_th": "นากลาง", "amp_code": "3902", "pro_code": "39", "pro_th": "หนองบัวลำภู"}, "geometry": {"type": "Polygon", "coordinates": [[[102.12679, 17.45693], [102.12840, 17.45367], [102.13047, 17.44441], [102.13242, 17.44109], [102.14066, 17.43248], [102.15111, 17.41815], [102.15547, 17.41526], [102.16147, 17.41335], [102.16677, 17.40977], [102.17846, 17.39628], [102.18481, 17.38251], [102.18911, 17.37804], [102.19203, 17.36915], [102.19572, 17.36544], [102.19818, 17.36451], [102.19791, 17.36347], [102.20083, 17.36100], [102.20345, 17.35548], [102.20541, 17.35520], [102.20537, 17.35389], [102.20661, 17.35357], [102.20677, 17.35251], [102.20741, 17.35314], [102.20977, 17.35189], [102.20768, 17.34859], [102.20344, 17.35109], [102.20081, 17.34827], [102.19926, 17.34057], [102.20019, 17.33710], [102.19377, 17.33604], [102.19421, 17.33086], [102.19114, 17.33151], [102.18965, 17.33082], [102.18892, 17.33155], [102.18464, 17.33056], [102.18300, 17.33282], [102.17888, 17.33055], [102.17706, 17.33250], [102.17660, 17.33195], [102.17077, 17.33357], [102.16763, 17.33902], [102.16332, 17.33929], [102.15838, 17.34116], [102.15839, 17.34411], [102.15665, 17.34831], [102.15526, 17.34860], [102.15182, 17.34586], [102.14930, 17.34510], [102.14336, 17.34939], [102.14336, 17.35163], [102.14545, 17.35568], [102.14540, 17.35857], [102.14410, 17.36176], [102.13948, 17.36773], [102.13215, 17.36810], [102.13135, 17.36932], [102.11813, 17.37539], [102.11808, 17.37648], [102.12222, 17.38057], [102.12272, 17.38584], [102.12175, 17.39121], [102.12520, 17.39309], [102.12631, 17.39513], [102.12271, 17.39823], [102.12097, 17.39831], [102.11895, 17.39991], [102.11940, 17.40057], [102.11098, 17.40789], [102.11086, 17.40970], [102.10842, 17.41260], [102.10636, 17.41365], [102.10285, 17.42057], [102.10175, 17.42674], [102.10008, 17.42805], [102.10013, 17.43052], [102.09871, 17.43149], [102.09889, 17.43369], [102.09674, 17.43675], [102.10565, 17.44809], [102.11003, 17.45169], [102.11150, 17.45095], [102.11316, 17.45159], [102.11269, 17.45201], [102.11369, 17.45232], [102.11194, 17.45328], [102.11329, 17.45306], [102.11581, 17.45605], [102.11731, 17.45533], [102.11712, 17.45414], [102.11829, 17.45472], [102.11830, 17.45324], [102.12080, 17.45156], [102.12191, 17.45325], [102.12093, 17.45421], [102.12354, 17.45454], [102.12300, 17.45547], [102.12551, 17.45747], [102.12679, 17.45693]]]}}, {"type": "Feature", "properties": {"tam_th": "โนนสัง", "tam_en": "Non Sang", "tam_code": "TH390301", "amp_th": "โนนสัง", "amp_code": "3903", "pro_code": "39", "pro_th": "หนองบัวลำภู"}, "geometry": {"type": "Polygon", "coordinates": [[[102.58932, 16.91402], [102.59092, 16.91146], [102.59796, 16.91320], [102.60070, 16.91276], [102.59972, 16.91123], [102.59953, 16.90746], [102.59877, 16.90642], [102.59724, 16.90656], [102.59816, 16.90621], [102.59831, 16.90397], [102.59928, 16.90307], [102.59818, 16.90170], [102.60018, 16.90051], [102.59934, 16.89922], [102.60064, 16.89799], [102.59796, 16.89501], [102.59883, 16.89258], [102.59802, 16.89127], [102.59702, 16.89157], [102.59698, 16.89280], [102.59468, 16.89276], [102.59338, 16.89170], [102.59217, 16.88943], [102.59368, 16.88759], [102.58884, 16.88420], [102.58587, 16.87845], [102.58335, 16.87786], [102.58294, 16.87307], [102.58018, 16.87042], [102.58023, 16.86384], [102.58525, 16.83898], [102.57172, 16.83934], [102.56815, 16.83864], [102.56282, 16.83485], [102.55596, 16.83532], [102.55595, 16.83747], [102.55333, 16.83869], [102.55446, 16.84182], [102.55224, 16.84420], [102.55291, 16.84789], [102.52325, 16.86181], [102.52091, 16.86779], [102.51858, 16.87091], [102.51945, 16.87658], [102.51902, 16.87805], [102.51805, 16.87827], [102.52074, 16.88361], [102.52233, 16.88315], [102.52339, 16.88462], [102.52984, 16.88071], [102.54041, 16.88309], [102.54092, 16.88483], [102.54391, 16.88581], [102.54513, 16.88959], [102.54786, 16.89065], [102.55017, 16.89387], [102.55501, 16.89457], [102.55775, 16.90059], [102.56571, 16.91045], [102.58160, 16.91392], [102.58932, 16.91402]]]}}, {"type": "Feature", "properties": {"tam_th": "บ้านถิ่น", "tam_en": "Ban Thin", "tam_code": "TH390302", "amp_th": "โนนสัง", "amp_code": "3903", "pro_code": "39", "pro_th": "หนองบัวลำภู"}, "geometry": {"type": "Polygon", "coordinates": [[[102.47112, 17.02847], [102.48399, 17.02423], [102.49014, 17.01735], [102.49999, 16.99986], [102.50456, 17.00398], [102.50624, 17.00363], [102.50813, 17.00687], [102.51033, 17.00717], [102.51117, 17.01017], [102.52236, 17.01221], [102.52233, 17.01363], [102.52463, 17.01421], [102.52463, 17.01599], [102.53011, 17.01733], [102.53219, 17.01909], [102.53300, 17.01821], [102.53701, 17.01982], [102.53902, 17.01875], [102.54014, 17.01941], [102.54328, 17.01644], [102.54298, 17.01202], [102.54589, 17.01047], [102.54647, 17.00543], [102.54951, 17.00324], [102.55344, 17.00395], [102.55717, 17.00172], [102.55913, 16.99877], [102.56074, 16.99869], [102.56211, 16.99631], [102.56462, 16.99539], [102.56662, 16.98987], [102.56761, 16.99006], [102.56734, 16.98703], [102.57022, 16.98590], [102.57017, 16.98469], [102.57142, 16.98462], [102.57311, 16.98231], [102.57473, 16.98306], [102.57731, 16.98266], [102.57806, 16.97931], [102.58083, 16.97681], [102.58085, 16.97567], [102.58616, 16.97356], [102.58747, 16.96873], [102.58894, 16.96849], [102.58980, 16.96583], [102.59090, 16.96581], [102.59159, 16.96453], [102.59095, 16.96221], [102.59249, 16.96106], [102.59183, 16.96057], [102.59261, 16.95941], [102.59178, 16.95912], [102.59270, 16.95822], [102.56912, 16.97151], [102.55472, 16.97137], [102.55530, 16.94649], [102.54969, 16.94806], [102.54934, 16.95062], [102.54736, 16.95143], [102.54685, 16.95297], [102.54376, 16.95281], [102.54088, 16.95571], [102.53863, 16.95577], [102.53892, 16.95657], [102.53627, 16.95874], [102.53570, 16.96202], [102.53191, 16.96248], [102.52677, 16.95977], [102.51458, 16.95831], [102.50657, 16.97524], [102.50337, 16.98000], [102.49822, 16.98232], [102.48610, 16.98302], [102.48243, 16.98464], [102.48001, 16.98703], [102.47330, 17.00473], [102.47112, 17.02847]]]}}, {"type": "Feature", "properties": {"tam_th": "หนองเรือ", "tam_en": "Nong Ruea", "tam_code": "TH390303", "amp_th": "โนนสัง", "amp_code": "3903", "pro_code": "39", "pro_th": "หนองบัวลำภู"}, "geometry": {"type": "Polygon", "coordinates": [[[102.50513, 16.90138], [102.50552, 16.90024], [102.50898, 16.90070], [102.50923, 16.89891], [102.51326, 16.89870], [102.51462, 16.88338], [102.51618, 16.88032], [102.51902, 16.87805], [102.51858, 16.87091], [102.52091, 16.86779], [102.52325, 16.86181], [102.55291, 16.84789], [102.55224, 16.84420], [102.55446, 16.84182], [102.55333, 16.83869], [102.54850, 16.83746], [102.54457, 16.83828], [102.54334, 16.83424], [102.53536, 16.82467], [102.53444, 16.81779], [102.53630, 16.81751], [102.53810, 16.78454], [102.51417, 16.79535], [102.50278, 16.80194], [102.49647, 16.80387], [102.48944, 16.80331], [102.48082, 16.80046], [102.47474, 16.79953], [102.46931, 16.80136], [102.46047, 16.80824], [102.45752, 16.80843], [102.45508, 16.80686], [102.46158, 16.81690], [102.46860, 16.83714], [102.46654, 16.84717], [102.46569, 16.84886], [102.46134, 16.85179], [102.46059, 16.85380], [102.46216, 16.85785], [102.46047, 16.86138], [102.46146, 16.86335], [102.45973, 16.86534], [102.46171, 16.86820], [102.46119, 16.86891], [102.46388, 16.87126], [102.46726, 16.87757], [102.47049, 16.87896], [102.47328, 16.88213], [102.47377, 16.88444], [102.47674, 16.88571], [102.47638, 16.88821], [102.47856, 16.89007], [102.47667, 16.89744], [102.49151, 16.90646], [102.50242, 16.91053], [102.50342, 16.90193], [102.50513, 16.90138]]]}}, {"type": "Feature", "properties": {"tam_th": "กุดดู่", "tam_en": "Kut Du", "tam_code": "TH390304", "amp_th": "โนนสัง", "amp_code": "3903", "pro_code": "39", "pro_th": "หนองบัวลำภู"}, "geometry": {"type": "Polygon", "coordinates": [[[102.65124, 16.99893], [102.66259, 16.99720], [102.66970, 16.99346], [102.67896, 16.96985], [102.67896, 16.96299], [102.67710, 16.95501], [102.67235, 16.94482], [102.66390, 16.94684], [102.65878, 16.94506], [102.65490, 16.94590], [102.65023, 16.94264], [102.64646, 16.94328], [102.64440, 16.94136], [102.64233, 16.94149], [102.64164, 16.93895], [102.63633, 16.93613], [102.63250, 16.93673], [102.63037, 16.93521], [102.62845, 16.93575], [102.62639, 16.93359], [102.62627, 16.93193], [102.62416, 16.93206], [102.62379, 16.93328], [102.62128, 16.93250], [102.61788, 16.93370], [102.61521, 16.93186], [102.61483, 16.93051], [102.60935, 16.92931], [102.60897, 16.92815], [102.60333, 16.92628], [102.60166, 16.92374], [102.60029, 16.92342], [102.59857, 16.92047], [102.59925, 16.91824], [102.60029, 16.91818], [102.59942, 16.91734], [102.60147, 16.91539], [102.60052, 16.91480], [102.60132, 16.91415], [102.60070, 16.91276], [102.59796, 16.91320], [102.59092, 16.91146], [102.58932, 16.91402], [102.58166, 16.91392], [102.57558, 16.91238], [102.57688, 16.92606], [102.57438, 16.92763], [102.57081, 16.92807], [102.56556, 16.93201], [102.56480, 16.93371], [102.56274, 16.93302], [102.56134, 16.93396], [102.55875, 16.94024], [102.55645, 16.94177], [102.55736, 16.94445], [102.55561, 16.94666], [102.55472, 16.97137], [102.56912, 16.97151], [102.59275, 16.95823], [102.59506, 16.96166], [102.59946, 16.96239], [102.60253, 16.96626], [102.60396, 16.96502], [102.60446, 16.96611], [102.60667, 16.96666], [102.60983, 16.96917], [102.60994, 16.97013], [102.61579, 16.97269], [102.62010, 16.97919], [102.62182, 16.98410], [102.63309, 16.98448], [102.63201, 16.99010], [102.63577, 16.99323], [102.63833, 16.99502], [102.63954, 16.99454], [102.64140, 16.99539], [102.64771, 17.00052], [102.65124, 16.99893]]]}}, {"type": "Feature", "properties": {"tam_th": "บ้านค้อ", "tam_en": "Ban Kho", "tam_code": "TH390305", "amp_th": "โนนสัง", "amp_code": "3903", "pro_code": "39", "pro_th": "หนองบัวลำภู"}, "geometry": {"type": "Polygon", "coordinates": [[[102.66361, 16.94685], [102.67235, 16.94482], [102.67045, 16.93842], [102.66535, 16.92656], [102.64002, 16.88157], [102.61871, 16.82754], [102.61471, 16.81044], [102.61215, 16.78844], [102.61286, 16.78440], [102.61517, 16.77961], [102.61070, 16.77369], [102.60801, 16.77215], [102.59639, 16.77333], [102.59521, 16.83867], [102.58525, 16.83898], [102.58023, 16.86384], [102.58000, 16.86940], [102.58097, 16.87191], [102.58297, 16.87314], [102.58335, 16.87786], [102.58587, 16.87845], [102.58884, 16.88420], [102.59368, 16.88759], [102.59217, 16.88943], [102.59338, 16.89170], [102.59468, 16.89276], [102.59708, 16.89279], [102.59780, 16.89115], [102.59883, 16.89250], [102.59796, 16.89501], [102.60064, 16.89811], [102.59934, 16.89922], [102.60018, 16.90051], [102.59818, 16.90170], [102.59928, 16.90307], [102.59831, 16.90397], [102.59816, 16.90621], [102.59724, 16.90656], [102.59877, 16.90642], [102.59953, 16.90746], [102.59972, 16.91123], [102.60132, 16.91404], [102.60052, 16.91480], [102.60148, 16.91536], [102.59940, 16.91737], [102.60035, 16.91779], [102.59866, 16.91935], [102.59902, 16.92164], [102.60329, 16.92626], [102.60639, 16.92668], [102.60627, 16.92749], [102.60897, 16.92815], [102.60943, 16.92934], [102.61483, 16.93051], [102.61521, 16.93186], [102.61788, 16.93370], [102.62128, 16.93250], [102.62379, 16.93328], [102.62416, 16.93206], [102.62627, 16.93193], [102.62639, 16.93359], [102.62845, 16.93575], [102.63037, 16.93521], [102.63250, 16.93673], [102.63633, 16.93613], [102.64164, 16.93895], [102.64229, 16.94146], [102.64440, 16.94136], [102.64643, 16.94327], [102.65015, 16.94262], [102.65490, 16.94590], [102.65878, 16.94506], [102.66361, 16.94685]]]}}, {"type": "Feature", "properties": {"tam_th": "โนนเมือง", "tam_en": "Non Mueang", "tam_code": "TH390306", "amp_th": "โนนสัง", "amp_code": "3903", "pro_code": "39", "pro_th": "หนองบัวลำภู"}, "geometry": {"type": "Polygon", "coordinates": [[[102.47671, 16.88566], [102.47379, 16.88446], [102.47328, 16.88213], [102.47051, 16.87897], [102.46600, 16.87619], [102.46566, 16.87406], [102.46388, 16.87126], [102.46177, 16.86995], [102.46132, 16.86726], [102.45974, 16.86542], [102.46146, 16.86335], [102.46047, 16.86138], [102.46215, 16.85793], [102.46077, 16.85530], [102.46110, 16.85216], [102.46569, 16.84886], [102.46654, 16.84717], [102.46860, 16.83714], [102.46158, 16.81690], [102.45508, 16.80686], [102.45327, 16.79526], [102.45000, 16.79014], [102.44753, 16.78901], [102.44532, 16.78943], [102.44224, 16.79421], [102.43877, 16.79490], [102.43751, 16.79284], [102.43853, 16.78770], [102.43617, 16.78455], [102.43357, 16.78337], [102.43111, 16.78811], [102.42876, 16.78910], [102.42839, 16.79133], [102.42492, 16.79130], [102.42398, 16.79380], [102.42200, 16.79324], [102.41989, 16.79492], [102.41727, 16.79381], [102.41499, 16.79452], [102.41630, 16.80364], [102.41560, 16.80507], [102.41040, 16.80362], [102.40849, 16.80420], [102.40657, 16.80179], [102.40499, 16.80227], [102.40422, 16.81081], [102.40551, 16.81844], [102.40384, 16.82566], [102.39969, 16.83522], [102.38997, 16.85285], [102.39976, 16.86600], [102.40157, 16.86601], [102.40207, 16.86837], [102.40450, 16.87001], [102.40442, 16.87225], [102.40670, 16.87405], [102.40975, 16.87352], [102.41544, 16.87733], [102.41769, 16.87248], [102.42332, 16.86715], [102.42364, 16.86584], [102.43016, 16.86526], [102.43670, 16.86776], [102.44200, 16.87148], [102.44664, 16.87702], [102.45185, 16.88084], [102.46450, 16.88607], [102.47667, 16.89744], [102.47856, 16.89007], [102.47638, 16.88821], [102.47671, 16.88566]]]}}, {"type": "Feature", "properties": {"tam_th": "โคกใหญ่", "tam_en": "Khok Yai", "tam_code": "TH390307", "amp_th": "โนนสัง", "amp_code": "3903", "pro_code": "39", "pro_th": "หนองบัวลำภู"}, "geometry": {"type": "Polygon", "coordinates": [[[102.59521, 16.83867], [102.59639, 16.77333], [102.58018, 16.77670], [102.54973, 16.78128], [102.53810, 16.78454], [102.53630, 16.81751], [102.53444, 16.81778], [102.53482, 16.82186], [102.53546, 16.82497], [102.54334, 16.83424], [102.54457, 16.83828], [102.54850, 16.83746], [102.55333, 16.83869], [102.55595, 16.83747], [102.55596, 16.83532], [102.55772, 16.83476], [102.56105, 16.83546], [102.56282, 16.83485], [102.56815, 16.83864], [102.57172, 16.83934], [102.59521, 16.83867]]]}}, {"type": "Feature", "properties": {"tam_th": "โคกม่วง", "tam_en": "Khok Muang", "tam_code": "TH390308", "amp_th": "โนนสัง", "amp_code": "3903", "pro_code": "39", "pro_th": "หนองบัวลำภู"}, "geometry": {"type": "Polygon", "coordinates": [[[102.48784, 16.92634], [102.50242, 16.91053], [102.49151, 16.90646], [102.48128, 16.90070], [102.47424, 16.89574], [102.46450, 16.88607], [102.45003, 16.87966], [102.44200, 16.87148], [102.43596, 16.86742], [102.43016, 16.86526], [102.42373, 16.86580], [102.42332, 16.86715], [102.41769, 16.87248], [102.41544, 16.87733], [102.40975, 16.87352], [102.40686, 16.87411], [102.40479, 16.87280], [102.40450, 16.87001], [102.40207, 16.86837], [102.40157, 16.86601], [102.39976, 16.86600], [102.38997, 16.85285], [102.38634, 16.85804], [102.38626, 16.86167], [102.38316, 16.86171], [102.38424, 16.86376], [102.38146, 16.86394], [102.37903, 16.86684], [102.37875, 16.86879], [102.37716, 16.86924], [102.37749, 16.87187], [102.37929, 16.87253], [102.37794, 16.87408], [102.37943, 16.87485], [102.37699, 16.87572], [102.37608, 16.87462], [102.37413, 16.87573], [102.36789, 16.87643], [102.36903, 16.87973], [102.37053, 16.87967], [102.36988, 16.88311], [102.37209, 16.88334], [102.37321, 16.88444], [102.37234, 16.88528], [102.37385, 16.88574], [102.37262, 16.88769], [102.37467, 16.88720], [102.37435, 16.89202], [102.37668, 16.89268], [102.37545, 16.89330], [102.37578, 16.89498], [102.37387, 16.89685], [102.37746, 16.89708], [102.37582, 16.89931], [102.37759, 16.89904], [102.37919, 16.90112], [102.37764, 16.90123], [102.37859, 16.90587], [102.37681, 16.90461], [102.37486, 16.90569], [102.37447, 16.90749], [102.37774, 16.90929], [102.37669, 16.91017], [102.37663, 16.91206], [102.37977, 16.91157], [102.38211, 16.91371], [102.38040, 16.91639], [102.38298, 16.91515], [102.38294, 16.91744], [102.38414, 16.91762], [102.38207, 16.91998], [102.38199, 16.92148], [102.38404, 16.92431], [102.38515, 16.92411], [102.38509, 16.92652], [102.38699, 16.92721], [102.38715, 16.92862], [102.38922, 16.92925], [102.39666, 16.92743], [102.40125, 16.92194], [102.40151, 16.92025], [102.40380, 16.91782], [102.40557, 16.91733], [102.40667, 16.91738], [102.41240, 16.92357], [102.41309, 16.92979], [102.41582, 16.93751], [102.41602, 16.94326], [102.41937, 16.95403], [102.42074, 16.96300], [102.42468, 16.97144], [102.42927, 16.97784], [102.42954, 16.98411], [102.43236, 16.99330], [102.44819, 17.01485], [102.46191, 17.02598], [102.46875, 17.02724], [102.47070, 17.02845], [102.47330, 17.00473], [102.47916, 16.98872], [102.48523, 16.93558], [102.48784, 16.92634]]]}}, {"type": "Feature", "properties": {"tam_th": "นิคมพัฒนา", "tam_en": "Nikhom Phatthana", "tam_code": "TH390309", "amp_th": "โนนสัง", "amp_code": "3903", "pro_code": "39", "pro_th": "หนองบัวลำภู"}, "geometry": {"type": "Polygon", "coordinates": [[[102.48610, 16.98302], [102.49822, 16.98232], [102.50337, 16.98000], [102.50657, 16.97524], [102.51458, 16.95831], [102.52677, 16.95977], [102.53191, 16.96248], [102.53570, 16.96202], [102.53627, 16.95874], [102.53892, 16.95657], [102.53863, 16.95577], [102.54088, 16.95571], [102.54376, 16.95281], [102.54689, 16.95295], [102.54736, 16.95143], [102.54934, 16.95062], [102.54987, 16.94913], [102.54923, 16.94861], [102.55036, 16.94762], [102.55636, 16.94640], [102.55736, 16.94445], [102.55645, 16.94177], [102.55875, 16.94024], [102.56092, 16.93629], [102.56085, 16.93440], [102.56270, 16.93303], [102.56480, 16.93371], [102.56556, 16.93201], [102.57081, 16.92807], [102.57438, 16.92763], [102.57688, 16.92606], [102.57547, 16.91218], [102.56571, 16.91045], [102.55775, 16.90059], [102.55501, 16.89457], [102.55017, 16.89387], [102.54786, 16.89065], [102.54513, 16.88959], [102.54391, 16.88581], [102.54092, 16.88483], [102.54041, 16.88309], [102.52984, 16.88071], [102.52339, 16.88462], [102.52233, 16.88315], [102.52074, 16.88361], [102.51805, 16.87827], [102.51462, 16.88338], [102.51326, 16.89870], [102.50923, 16.89891], [102.50898, 16.90070], [102.50552, 16.90024], [102.50493, 16.90167], [102.50342, 16.90193], [102.50242, 16.91053], [102.48784, 16.92634], [102.48523, 16.93558], [102.47916, 16.98872], [102.48117, 16.98566], [102.48610, 16.98302]]]}}, {"type": "Feature", "properties": {"tam_th": "ปางกู่", "tam_en": "Pang Ku", "tam_code": "TH390310", "amp_th": "โนนสัง", "amp_code": "3903", "pro_code": "39", "pro_th": "หนองบัวลำภู"}, "geometry": {"type": "Polygon", "coordinates": [[[102.60908, 17.02742], [102.64771, 17.00052], [102.64140, 16.99539], [102.63804, 16.99490], [102.63201, 16.99010], [102.63309, 16.98448], [102.62182, 16.98410], [102.62010, 16.97919], [102.61579, 16.97269], [102.60994, 16.97013], [102.60983, 16.96917], [102.60667, 16.96666], [102.60446, 16.96611], [102.60396, 16.96502], [102.60253, 16.96626], [102.59946, 16.96239], [102.59506, 16.96166], [102.59270, 16.95822], [102.59178, 16.95912], [102.59261, 16.95941], [102.59183, 16.96057], [102.59249, 16.96106], [102.59095, 16.96221], [102.59159, 16.96453], [102.59090, 16.96581], [102.58980, 16.96583], [102.58894, 16.96849], [102.58747, 16.96873], [102.58616, 16.97356], [102.58085, 16.97567], [102.58083, 16.97681], [102.57806, 16.97931], [102.57731, 16.98266], [102.57473, 16.98306], [102.57311, 16.98231], [102.57142, 16.98462], [102.57017, 16.98469], [102.57022, 16.98590], [102.56734, 16.98703], [102.56761, 16.99006], [102.56662, 16.98987], [102.56462, 16.99539], [102.56211, 16.99631], [102.56074, 16.99869], [102.55913, 16.99877], [102.55717, 17.00172], [102.55345, 17.00394], [102.55088, 17.00311], [102.54749, 17.00443], [102.54560, 17.00849], [102.54588, 17.01049], [102.54298, 17.01203], [102.54350, 17.01350], [102.54539, 17.01326], [102.54573, 17.01492], [102.55896, 17.02204], [102.56775, 17.03027], [102.57334, 17.03244], [102.57938, 17.04081], [102.58611, 17.03706], [102.60908, 17.02742]]]}}, {"type": "Feature", "properties": {"tam_th": "เมืองใหม่", "tam_en": "Mueang Mai", "tam_code": "TH390401", "amp_th": "ศรีบุญเรือง", "amp_code": "3904", "pro_code": "39", "pro_th": "หนองบัวลำภู"}, "geometry": {"type": "Polygon", "coordinates": [[[102.33011, 17.04272], [102.32888, 17.03474], [102.33083, 17.03312], [102.32943, 17.02923], [102.33065, 17.02679], [102.32693, 17.02135], [102.32706, 17.01955], [102.32805, 17.01962], [102.32343, 17.01359], [102.32478, 17.01278], [102.32669, 17.00719], [102.32484, 17.00525], [102.32425, 17.00045], [102.32036, 16.99205], [102.32333, 16.98543], [102.32193, 16.98262], [102.32216, 16.97113], [102.32075, 16.96555], [102.32105, 16.96178], [102.32693, 16.95685], [102.32314, 16.95580], [102.31920, 16.95674], [102.31458, 16.95495], [102.31303, 16.95095], [102.30991, 16.95180], [102.30702, 16.95063], [102.30528, 16.95106], [102.30404, 16.94802], [102.30010, 16.95086], [102.29340, 16.94736], [102.28984, 16.94797], [102.28556, 16.94410], [102.27954, 16.94419], [102.27822, 16.94236], [102.27576, 16.94239], [102.27500, 16.93970], [102.27126, 16.94001], [102.27233, 16.94147], [102.26952, 16.94220], [102.26881, 16.94671], [102.26725, 16.94771], [102.26857, 16.95171], [102.26770, 16.95455], [102.26981, 16.96002], [102.26812, 16.96065], [102.26849, 16.96315], [102.26716, 16.96560], [102.27050, 16.96979], [102.26978, 16.97171], [102.27048, 16.97236], [102.26969, 16.97551], [102.26820, 16.97600], [102.26890, 16.97615], [102.26818, 16.97725], [102.26883, 16.97794], [102.26748, 16.97833], [102.26863, 16.98073], [102.26682, 16.98060], [102.26585, 16.98168], [102.26682, 16.98309], [102.26512, 16.98340], [102.26637, 16.98685], [102.26508, 16.98713], [102.26480, 16.98875], [102.26608, 16.98961], [102.26527, 16.98963], [102.26559, 16.99103], [102.26491, 16.99071], [102.26504, 16.99168], [102.26394, 16.99229], [102.26469, 16.99312], [102.26349, 16.99398], [102.26455, 16.99442], [102.26385, 16.99706], [102.26308, 16.99653], [102.26241, 16.99803], [102.26289, 17.00070], [102.26362, 17.00044], [102.26454, 17.00188], [102.26367, 17.00301], [102.26459, 17.00312], [102.26286, 17.00586], [102.26224, 17.00492], [102.26156, 17.00622], [102.25764, 17.00599], [102.25871, 17.01007], [102.25768, 17.01002], [102.25808, 17.01119], [102.25672, 17.01183], [102.25760, 17.01239], [102.25612, 17.01301], [102.25591, 17.01449], [102.25480, 17.01512], [102.25463, 17.01374], [102.25376, 17.01442], [102.25399, 17.01597], [102.25541, 17.01626], [102.25436, 17.01655], [102.25389, 17.01887], [102.25215, 17.01857], [102.25322, 17.01932], [102.25262, 17.01981], [102.26974, 17.02284], [102.27086, 17.02414], [102.27319, 17.02457], [102.27337, 17.02603], [102.27881, 17.02808], [102.27994, 17.03049], [102.28402, 17.03118], [102.29927, 17.03848], [102.30073, 17.04054], [102.30589, 17.03933], [102.30822, 17.04042], [102.33011, 17.04272]]]}}, {"type": "Feature", "properties": {"tam_th": "ศรีบุญเรือง", "tam_en": "Si Bun Rueang", "tam_code": "TH390402", "amp_th": "ศรีบุญเรือง", "amp_code": "3904", "pro_code": "39", "pro_th": "หนองบัวลำภู"}, "geometry": {"type": "Polygon", "coordinates": [[[102.22777, 16.97323], [102.23943, 16.97206], [102.24248, 16.97244], [102.24431, 16.96792], [102.24093, 16.95886], [102.24327, 16.95624], [102.24487, 16.95091], [102.24888, 16.95073], [102.25295, 16.94746], [102.25449, 16.94895], [102.25658, 16.94755], [102.26127, 16.94802], [102.26438, 16.94538], [102.26864, 16.94683], [102.26950, 16.94223], [102.27233, 16.94145], [102.27130, 16.93999], [102.27500, 16.93970], [102.27576, 16.94239], [102.27822, 16.94236], [102.27954, 16.94419], [102.28556, 16.94410], [102.28984, 16.94797], [102.29340, 16.94736], [102.30010, 16.95086], [102.30404, 16.94802], [102.30528, 16.95106], [102.30702, 16.95063], [102.30991, 16.95180], [102.31303, 16.95095], [102.31458, 16.95495], [102.31920, 16.95674], [102.32314, 16.95580], [102.33078, 16.95793], [102.32005, 16.92735], [102.31876, 16.92098], [102.30719, 16.89889], [102.29763, 16.89182], [102.29634, 16.89120], [102.29478, 16.89186], [102.29228, 16.88992], [102.28841, 16.88978], [102.28744, 16.89009], [102.28758, 16.89183], [102.28484, 16.89090], [102.27763, 16.89401], [102.27434, 16.89285], [102.26907, 16.89336], [102.26356, 16.89173], [102.25906, 16.89439], [102.25732, 16.89352], [102.25545, 16.89488], [102.25372, 16.89367], [102.25106, 16.89451], [102.24997, 16.89327], [102.24868, 16.89448], [102.24739, 16.89330], [102.24665, 16.89425], [102.24539, 16.89355], [102.24510, 16.89494], [102.24612, 16.89603], [102.24184, 16.89795], [102.24097, 16.89944], [102.23824, 16.89937], [102.23885, 16.90076], [102.23598, 16.90234], [102.23611, 16.90308], [102.24369, 16.90399], [102.24260, 16.90562], [102.24121, 16.90464], [102.24096, 16.90582], [102.24213, 16.90639], [102.24109, 16.90761], [102.24020, 16.90681], [102.24010, 16.90896], [102.23796, 16.90916], [102.23927, 16.91119], [102.23821, 16.91295], [102.23273, 16.91462], [102.23354, 16.91660], [102.23153, 16.91564], [102.23054, 16.91682], [102.22852, 16.91610], [102.22778, 16.91678], [102.23023, 16.92079], [102.22825, 16.92239], [102.22708, 16.92211], [102.22701, 16.92413], [102.22802, 16.92485], [102.22751, 16.92705], [102.22965, 16.92905], [102.22913, 16.93204], [102.23066, 16.93339], [102.22774, 16.93558], [102.22992, 16.93614], [102.23055, 16.93737], [102.22967, 16.93837], [102.22782, 16.93831], [102.22891, 16.94226], [102.22523, 16.94772], [102.22341, 16.95373], [102.22513, 16.95429], [102.22344, 16.95669], [102.22452, 16.95972], [102.22606, 16.96104], [102.22514, 16.96234], [102.22318, 16.96221], [102.22200, 16.96496], [102.22355, 16.96751], [102.22277, 16.97260], [102.22369, 16.97311], [102.22690, 16.97070], [102.22658, 16.97217], [102.22777, 16.97323]]]}}, {"type": "Feature", "properties": {"tam_th": "หนองบัวใต้", "tam_en": "Nong Bua Tai", "tam_code": "TH390403", "amp_th": "ศรีบุญเรือง", "amp_code": "3904", "pro_code": "39", "pro_th": "หนองบัวลำภู"}, "geometry": {"type": "Polygon", "coordinates": [[[102.35680, 16.94817], [102.35865, 16.94802], [102.36253, 16.94993], [102.36629, 16.94940], [102.37083, 16.95349], [102.37306, 16.95295], [102.37617, 16.94923], [102.37538, 16.94594], [102.37635, 16.93977], [102.37208, 16.92916], [102.37641, 16.92760], [102.37825, 16.92584], [102.38188, 16.92679], [102.38288, 16.92627], [102.38355, 16.92714], [102.38444, 16.92588], [102.38551, 16.92612], [102.38507, 16.92399], [102.38410, 16.92435], [102.38203, 16.92163], [102.38207, 16.91998], [102.38414, 16.91762], [102.38294, 16.91744], [102.38296, 16.91510], [102.38040, 16.91639], [102.38211, 16.91371], [102.37977, 16.91157], [102.37663, 16.91206], [102.37669, 16.91017], [102.37774, 16.90929], [102.37447, 16.90749], [102.37486, 16.90569], [102.37681, 16.90461], [102.37859, 16.90587], [102.37764, 16.90123], [102.37919, 16.90112], [102.37759, 16.89904], [102.37582, 16.89931], [102.37746, 16.89708], [102.37387, 16.89685], [102.37578, 16.89498], [102.37545, 16.89330], [102.37668, 16.89268], [102.37435, 16.89202], [102.37467, 16.88720], [102.37267, 16.88777], [102.37396, 16.88607], [102.37220, 16.88503], [102.37319, 16.88435], [102.36990, 16.88313], [102.37051, 16.87963], [102.36909, 16.87978], [102.36779, 16.87773], [102.36789, 16.87643], [102.36950, 16.87598], [102.37413, 16.87573], [102.37608, 16.87462], [102.37689, 16.87571], [102.37923, 16.87500], [102.37928, 16.87424], [102.37791, 16.87394], [102.37927, 16.87246], [102.37730, 16.87153], [102.36917, 16.87102], [102.36518, 16.87301], [102.35682, 16.88276], [102.33805, 16.90915], [102.33345, 16.91084], [102.33252, 16.90953], [102.32588, 16.90959], [102.32585, 16.90878], [102.31283, 16.90980], [102.31876, 16.92098], [102.32005, 16.92735], [102.33078, 16.95793], [102.33387, 16.96253], [102.33660, 16.96450], [102.33940, 16.96513], [102.34317, 16.96438], [102.34804, 16.95877], [102.35047, 16.95190], [102.35441, 16.95060], [102.35680, 16.94817]]]}}, {"type": "Feature", "properties": {"tam_th": "กุดสะเทียน", "tam_en": "Kut Sathian", "tam_code": "TH390404", "amp_th": "ศรีบุญเรือง", "amp_code": "3904", "pro_code": "39", "pro_th": "หนองบัวลำภู"}, "geometry": {"type": "Polygon", "coordinates": [[[102.25416, 17.09708], [102.25735, 17.08859], [102.26009, 17.08572], [102.25966, 17.08362], [102.26154, 17.08338], [102.26682, 17.06712], [102.27340, 17.05230], [102.27832, 17.03331], [102.27793, 17.03028], [102.27900, 17.03009], [102.27881, 17.02808], [102.27337, 17.02603], [102.27319, 17.02457], [102.27086, 17.02414], [102.26948, 17.02274], [102.25369, 17.02043], [102.24837, 17.01836], [102.22703, 17.00746], [102.22705, 17.00606], [102.22541, 17.00586], [102.22273, 17.00796], [102.22291, 17.01011], [102.22066, 17.01424], [102.21734, 17.01582], [102.21894, 17.01960], [102.21583, 17.02426], [102.21569, 17.02627], [102.21109, 17.02743], [102.20280, 17.06542], [102.20485, 17.06592], [102.22475, 17.08390], [102.22313, 17.08586], [102.22214, 17.08447], [102.22094, 17.08793], [102.22220, 17.08805], [102.22104, 17.08880], [102.22201, 17.08918], [102.22257, 17.09156], [102.22397, 17.09170], [102.22340, 17.09221], [102.22341, 17.09268], [102.22601, 17.09266], [102.22603, 17.09375], [102.22473, 17.09453], [102.22524, 17.09693], [102.22379, 17.09748], [102.22563, 17.10085], [102.25323, 17.11162], [102.25454, 17.10467], [102.25416, 17.09708]]]}}, {"type": "Feature", "properties": {"tam_th": "นากอก", "tam_en": "Na Kok", "tam_code": "TH390405", "amp_th": "ศรีบุญเรือง", "amp_code": "3904", "pro_code": "39", "pro_th": "หนองบัวลำภู"}, "geometry": {"type": "Polygon", "coordinates": [[[102.22349, 16.96204], [102.22514, 16.96234], [102.22608, 16.96094], [102.22452, 16.95972], [102.22344, 16.95669], [102.22513, 16.95446], [102.22340, 16.95384], [102.22418, 16.95007], [102.22891, 16.94226], [102.22782, 16.93831], [102.22967, 16.93837], [102.23055, 16.93735], [102.22992, 16.93614], [102.22774, 16.93558], [102.23066, 16.93339], [102.22913, 16.93204], [102.22965, 16.92905], [102.22751, 16.92705], [102.22802, 16.92485], [102.22701, 16.92413], [102.22708, 16.92211], [102.22825, 16.92239], [102.23023, 16.92079], [102.22780, 16.91673], [102.22852, 16.91610], [102.23054, 16.91682], [102.23153, 16.91564], [102.23385, 16.91644], [102.23270, 16.91464], [102.23821, 16.91295], [102.23927, 16.91119], [102.23796, 16.90916], [102.24006, 16.90898], [102.24020, 16.90681], [102.24109, 16.90761], [102.24206, 16.90654], [102.24096, 16.90582], [102.24124, 16.90461], [102.24304, 16.90533], [102.24355, 16.90376], [102.23599, 16.90296], [102.23885, 16.90076], [102.23824, 16.89937], [102.24097, 16.89944], [102.24184, 16.89795], [102.24612, 16.89603], [102.24512, 16.89500], [102.24534, 16.89357], [102.24665, 16.89425], [102.24739, 16.89330], [102.24872, 16.89448], [102.25005, 16.89326], [102.25146, 16.89447], [102.25372, 16.89367], [102.25467, 16.89148], [102.24956, 16.89158], [102.25055, 16.88953], [102.24881, 16.88813], [102.24972, 16.88513], [102.24826, 16.88335], [102.24976, 16.88079], [102.24921, 16.87845], [102.24612, 16.88174], [102.24467, 16.88172], [102.24418, 16.88041], [102.24624, 16.87713], [102.24347, 16.87743], [102.24260, 16.87518], [102.24090, 16.87648], [102.24139, 16.87863], [102.23506, 16.88053], [102.23365, 16.87933], [102.23503, 16.87737], [102.23396, 16.87517], [102.23286, 16.87470], [102.23149, 16.87697], [102.22774, 16.87591], [102.22886, 16.87337], [102.22640, 16.87309], [102.22450, 16.87091], [102.22665, 16.86901], [102.22226, 16.86871], [102.22094, 16.86529], [102.21744, 16.86490], [102.21437, 16.86307], [102.21379, 16.86034], [102.21140, 16.86151], [102.20642, 16.86128], [102.20416, 16.86272], [102.20080, 16.86185], [102.19940, 16.85998], [102.19634, 16.85986], [102.19474, 16.85881], [102.19093, 16.85926], [102.18808, 16.85754], [102.18520, 16.86171], [102.18580, 16.86348], [102.18486, 16.86712], [102.18254, 16.86858], [102.18018, 16.87207], [102.17886, 16.87173], [102.17587, 16.86686], [102.17178, 16.86490], [102.16756, 16.86680], [102.16886, 16.86930], [102.16812, 16.87061], [102.16568, 16.87003], [102.16401, 16.87113], [102.15786, 16.87199], [102.15739, 16.87313], [102.15837, 16.87522], [102.15616, 16.88127], [102.14469, 16.88069], [102.14408, 16.88004], [102.14498, 16.87698], [102.14420, 16.87629], [102.14107, 16.87753], [102.14084, 16.88019], [102.13491, 16.87850], [102.13207, 16.88237], [102.12938, 16.88333], [102.12444, 16.88054], [102.11883, 16.88877], [102.11366, 16.88723], [102.11319, 16.89163], [102.11075, 16.89292], [102.11081, 16.89440], [102.10653, 16.89578], [102.10473, 16.89740], [102.10025, 16.89623], [102.09959, 16.89240], [102.09641, 16.89090], [102.09732, 16.88566], [102.09890, 16.88453], [102.09878, 16.88316], [102.09670, 16.88261], [102.08581, 16.88538], [102.08376, 16.88849], [102.08135, 16.88972], [102.07466, 16.88553], [102.07076, 16.88518], [102.06977, 16.88619], [102.06939, 16.88926], [102.06851, 16.88951], [102.06804, 16.89288], [102.06531, 16.89422], [102.06367, 16.89663], [102.05541, 16.90086], [102.08105, 16.90765], [102.09798, 16.91403], [102.10227, 16.91672], [102.11664, 16.91974], [102.12154, 16.91845], [102.12409, 16.91931], [102.12763, 16.91671], [102.13521, 16.91604], [102.14659, 16.91245], [102.14844, 16.91349], [102.15303, 16.91196], [102.15590, 16.91231], [102.15730, 16.91403], [102.15945, 16.91254], [102.16100, 16.91720], [102.16466, 16.91779], [102.16738, 16.91700], [102.16952, 16.91937], [102.17054, 16.91907], [102.17941, 16.92431], [102.19444, 16.93430], [102.19891, 16.94108], [102.20355, 16.95252], [102.20617, 16.95568], [102.21102, 16.95742], [102.22204, 16.96525], [102.22349, 16.96204]]]}}, {"type": "Feature", "properties": {"tam_th": "โนนสะอาด", "tam_en": "Non Sa-At", "tam_code": "TH390406", "amp_th": "ศรีบุญเรือง", "amp_code": "3904", "pro_code": "39", "pro_th": "หนองบัวลำภู"}, "geometry": {"type": "Polygon", "coordinates": [[[102.17561, 17.03254], [102.18137, 17.02915], [102.18602, 17.03050], [102.18846, 17.02934], [102.18733, 17.02724], [102.18950, 17.02617], [102.18939, 17.02460], [102.19049, 17.02320], [102.18839, 17.02134], [102.18857, 17.01918], [102.19394, 17.01772], [102.19376, 17.01238], [102.19299, 17.01138], [102.19462, 17.00647], [102.19839, 17.00600], [102.19990, 17.00699], [102.20135, 17.00524], [102.20406, 17.00570], [102.20502, 17.00383], [102.20678, 17.00401], [102.20857, 17.00571], [102.21044, 17.00273], [102.21215, 17.00279], [102.21367, 17.00148], [102.21308, 16.99808], [102.21511, 16.99907], [102.21616, 16.99768], [102.21336, 16.99543], [102.21727, 16.99461], [102.21853, 16.99084], [102.22249, 16.99153], [102.22181, 16.98921], [102.22012, 16.98963], [102.21957, 16.98781], [102.22373, 16.98405], [102.22215, 16.98151], [102.22160, 16.97765], [102.22377, 16.97559], [102.22369, 16.97308], [102.22246, 16.97211], [102.22355, 16.96755], [102.22289, 16.96590], [102.21102, 16.95742], [102.20617, 16.95568], [102.20489, 16.95438], [102.19530, 16.93509], [102.17941, 16.92431], [102.17054, 16.91907], [102.16952, 16.91937], [102.16738, 16.91700], [102.16466, 16.91779], [102.16100, 16.91720], [102.15945, 16.91254], [102.15730, 16.91403], [102.15590, 16.91231], [102.15303, 16.91196], [102.14844, 16.91349], [102.14659, 16.91245], [102.13521, 16.91604], [102.12763, 16.91671], [102.12409, 16.91931], [102.12154, 16.91845], [102.11664, 16.91974], [102.10227, 16.91672], [102.09798, 16.91403], [102.08105, 16.90765], [102.05541, 16.90086], [102.05132, 16.90226], [102.04861, 16.90440], [102.04583, 16.91585], [102.04056, 16.92411], [102.03705, 16.93276], [102.03392, 16.93756], [102.02921, 16.95067], [102.03570, 16.95584], [102.04259, 16.95857], [102.04396, 16.96011], [102.04563, 16.96012], [102.05089, 16.96501], [102.05637, 16.96482], [102.05890, 16.96619], [102.06319, 16.96204], [102.06720, 16.96099], [102.07065, 16.96370], [102.07249, 16.96317], [102.07232, 16.96414], [102.07393, 16.96430], [102.07593, 16.96605], [102.07559, 16.96903], [102.07700, 16.97136], [102.08026, 16.97180], [102.08258, 16.97392], [102.08755, 16.97428], [102.09012, 16.97942], [102.09180, 16.98010], [102.09133, 16.98048], [102.10006, 16.98371], [102.11330, 16.99110], [102.12388, 16.99398], [102.14402, 17.01404], [102.14492, 17.01732], [102.14704, 17.01748], [102.14885, 17.01996], [102.14890, 17.02215], [102.15203, 17.02510], [102.15460, 17.02298], [102.15724, 17.02570], [102.15788, 17.02832], [102.16178, 17.02947], [102.16745, 17.02782], [102.17041, 17.03210], [102.17183, 17.03053], [102.17561, 17.03254]]]}}, {"type": "Feature", "properties": {"tam_th": "ยางหล่อ", "tam_en": "Yang Lo", "tam_code": "TH390407", "amp_th": "ศรีบุญเรือง", "amp_code": "3904", "pro_code": "39", "pro_th": "หนองบัวลำภู"}, "geometry": {"type": "Polygon", "coordinates": [[[102.11845, 17.11596], [102.13835, 17.10287], [102.14199, 17.09756], [102.14642, 17.09333], [102.14883, 17.09792], [102.14935, 17.10246], [102.15227, 17.10732], [102.15503, 17.10754], [102.15793, 17.10590], [102.15894, 17.10409], [102.15993, 17.10462], [102.16151, 17.10343], [102.16357, 17.10412], [102.16628, 17.10220], [102.16762, 17.10237], [102.16833, 17.09941], [102.16982, 17.09746], [102.17240, 17.09623], [102.17212, 17.09498], [102.17364, 17.09289], [102.17528, 17.09303], [102.17672, 17.09095], [102.17753, 17.09178], [102.17859, 17.08916], [102.18320, 17.08719], [102.18302, 17.08507], [102.18425, 17.08243], [102.18368, 17.07855], [102.18508, 17.07803], [102.18480, 17.07699], [102.18732, 17.07575], [102.18960, 17.07243], [102.19299, 17.07269], [102.19477, 17.07026], [102.19437, 17.06769], [102.19619, 17.06594], [102.19834, 17.06558], [102.19852, 17.06430], [102.20280, 17.06542], [102.21109, 17.02743], [102.21569, 17.02627], [102.21583, 17.02426], [102.21894, 17.01960], [102.21734, 17.01582], [102.22066, 17.01424], [102.22291, 17.01011], [102.22281, 17.00784], [102.22539, 17.00586], [102.22771, 17.00588], [102.22888, 17.00279], [102.22886, 17.00015], [102.22697, 16.99850], [102.22410, 16.99797], [102.22352, 16.99616], [102.22532, 16.99471], [102.22495, 16.99401], [102.22201, 16.99183], [102.21860, 16.99080], [102.21727, 16.99461], [102.21328, 16.99553], [102.21621, 16.99744], [102.21516, 16.99906], [102.21290, 16.99832], [102.21353, 17.00170], [102.21044, 17.00273], [102.20859, 17.00571], [102.20678, 17.00401], [102.20502, 17.00383], [102.20406, 17.00570], [102.20135, 17.00524], [102.19990, 17.00699], [102.19839, 17.00600], [102.19461, 17.00648], [102.19299, 17.01138], [102.19376, 17.01238], [102.19394, 17.01772], [102.18857, 17.01918], [102.18839, 17.02134], [102.19049, 17.02320], [102.18939, 17.02460], [102.18950, 17.02617], [102.18734, 17.02719], [102.18835, 17.02945], [102.18602, 17.03050], [102.18137, 17.02915], [102.17543, 17.03257], [102.17171, 17.03054], [102.17049, 17.03211], [102.16760, 17.02789], [102.16118, 17.02932], [102.15788, 17.02832], [102.15724, 17.02570], [102.15550, 17.02454], [102.15411, 17.02557], [102.15401, 17.02809], [102.15236, 17.02925], [102.15199, 17.03160], [102.15007, 17.03175], [102.15099, 17.03255], [102.14952, 17.03374], [102.14797, 17.03439], [102.14827, 17.03258], [102.14516, 17.03138], [102.14211, 17.03295], [102.14246, 17.03438], [102.14040, 17.03538], [102.13509, 17.03526], [102.13495, 17.03655], [102.13336, 17.03728], [102.13232, 17.03600], [102.13204, 17.03757], [102.13015, 17.03740], [102.12900, 17.04093], [102.12548, 17.04128], [102.12483, 17.04386], [102.12584, 17.04418], [102.12492, 17.04476], [102.12577, 17.04551], [102.12335, 17.04720], [102.12214, 17.05293], [102.12130, 17.05193], [102.12036, 17.05243], [102.12001, 17.05398], [102.12112, 17.05403], [102.11969, 17.05656], [102.12033, 17.05744], [102.11764, 17.05761], [102.11659, 17.06168], [102.11406, 17.06320], [102.11233, 17.06564], [102.11319, 17.06813], [102.11179, 17.06996], [102.11301, 17.07124], [102.11372, 17.07820], [102.11294, 17.07910], [102.11264, 17.08549], [102.10925, 17.08870], [102.10678, 17.09459], [102.10770, 17.09580], [102.10539, 17.09963], [102.10615, 17.10070], [102.10488, 17.10221], [102.10699, 17.10343], [102.10608, 17.10358], [102.10609, 17.10484], [102.10797, 17.10702], [102.11108, 17.10834], [102.11032, 17.10967], [102.11111, 17.10993], [102.11101, 17.11510], [102.11267, 17.11628], [102.11404, 17.11603], [102.11461, 17.11761], [102.11845, 17.11596]]]}}, {"type": "Feature", "properties": {"tam_th": "โนนม่วง", "tam_en": "Non Muang", "tam_code": "TH390408", "amp_th": "ศรีบุญเรือง", "amp_code": "3904", "pro_code": "39", "pro_th": "หนองบัวลำภู"}, "geometry": {"type": "Polygon", "coordinates": [[[102.12458, 17.17973], [102.12895, 17.17687], [102.12940, 17.17408], [102.13088, 17.17261], [102.13479, 17.17291], [102.13807, 17.17622], [102.13984, 17.17532], [102.14202, 17.17671], [102.14463, 17.17467], [102.14783, 17.17397], [102.14788, 17.17267], [102.15047, 17.17298], [102.15421, 17.16979], [102.15751, 17.16915], [102.15828, 17.16730], [102.16128, 17.16784], [102.16206, 17.16571], [102.16727, 17.16456], [102.16759, 17.16337], [102.17252, 17.16581], [102.17453, 17.16567], [102.17735, 17.16770], [102.17886, 17.16693], [102.18064, 17.16756], [102.18511, 17.16287], [102.18410, 17.16198], [102.18633, 17.16161], [102.18646, 17.15938], [102.18888, 17.15957], [102.19006, 17.15858], [102.18993, 17.15761], [102.19176, 17.15630], [102.19098, 17.15563], [102.19281, 17.15395], [102.19310, 17.15471], [102.19479, 17.15356], [102.20220, 17.15456], [102.20556, 17.15342], [102.20726, 17.15115], [102.20884, 17.15163], [102.21018, 17.15049], [102.21180, 17.15071], [102.21132, 17.15146], [102.21843, 17.15112], [102.21888, 17.14914], [102.22182, 17.14813], [102.22339, 17.14450], [102.22442, 17.14405], [102.22418, 17.14292], [102.22612, 17.14421], [102.22658, 17.14172], [102.22834, 17.14114], [102.22873, 17.13834], [102.22761, 17.13838], [102.22737, 17.13740], [102.22831, 17.13729], [102.22907, 17.13350], [102.22769, 17.13336], [102.22755, 17.13191], [102.23119, 17.13024], [102.23118, 17.12840], [102.23240, 17.12813], [102.23363, 17.13022], [102.23669, 17.13119], [102.23768, 17.13497], [102.23859, 17.13505], [102.23927, 17.13669], [102.24089, 17.13757], [102.24438, 17.13711], [102.24628, 17.13830], [102.24918, 17.14303], [102.25425, 17.14664], [102.25780, 17.14616], [102.26314, 17.14258], [102.26683, 17.13554], [102.26680, 17.13363], [102.25933, 17.12828], [102.26077, 17.11886], [102.25799, 17.11775], [102.25805, 17.11626], [102.25712, 17.11562], [102.25362, 17.11493], [102.25323, 17.11162], [102.22560, 17.10082], [102.22379, 17.09748], [102.22524, 17.09693], [102.22473, 17.09453], [102.22603, 17.09375], [102.22601, 17.09266], [102.22341, 17.09268], [102.22397, 17.09170], [102.22257, 17.09156], [102.22201, 17.08918], [102.22104, 17.08880], [102.22220, 17.08805], [102.22094, 17.08793], [102.22214, 17.08447], [102.22313, 17.08586], [102.22475, 17.08390], [102.20485, 17.06592], [102.19900, 17.06411], [102.19834, 17.06558], [102.19619, 17.06594], [102.19437, 17.06769], [102.19477, 17.07026], [102.19299, 17.07269], [102.18960, 17.07243], [102.18732, 17.07575], [102.18480, 17.07699], [102.18508, 17.07803], [102.18368, 17.07855], [102.18425, 17.08243], [102.18302, 17.08507], [102.18320, 17.08719], [102.17859, 17.08916], [102.17753, 17.09178], [102.17672, 17.09095], [102.17528, 17.09303], [102.17364, 17.09289], [102.17212, 17.09498], [102.17240, 17.09623], [102.16982, 17.09746], [102.16833, 17.09941], [102.16762, 17.10237], [102.16628, 17.10220], [102.16357, 17.10412], [102.16151, 17.10343], [102.15993, 17.10462], [102.15894, 17.10409], [102.15793, 17.10590], [102.15503, 17.10754], [102.15227, 17.10732], [102.14935, 17.10246], [102.14883, 17.09792], [102.14642, 17.09333], [102.14199, 17.09756], [102.13835, 17.10287], [102.11694, 17.11714], [102.11461, 17.11761], [102.11996, 17.11875], [102.12047, 17.12023], [102.12201, 17.12071], [102.12221, 17.12372], [102.12296, 17.12458], [102.12376, 17.12407], [102.12405, 17.12746], [102.12260, 17.13014], [102.12337, 17.13209], [102.12557, 17.13356], [102.12504, 17.13495], [102.12593, 17.13478], [102.12658, 17.13636], [102.12612, 17.13916], [102.12902, 17.14242], [102.12905, 17.14764], [102.12703, 17.14986], [102.12310, 17.14890], [102.12106, 17.15034], [102.11910, 17.15357], [102.11379, 17.15667], [102.10981, 17.15753], [102.10640, 17.15991], [102.10619, 17.16168], [102.10249, 17.16530], [102.10122, 17.16841], [102.09747, 17.17262], [102.09961, 17.17632], [102.09953, 17.17955], [102.10518, 17.17619], [102.10835, 17.17607], [102.11362, 17.17679], [102.12311, 17.18196], [102.12458, 17.17973]]]}}, {"type": "Feature", "properties": {"tam_th": "หนองกุงแก้ว", "tam_en": "Nong Kung Kaeo", "tam_code": "TH390409", "amp_th": "ศรีบุญเรือง", "amp_code": "3904", "pro_code": "39", "pro_th": "หนองบัวลำภู"}, "geometry": {"type": "Polygon", "coordinates": [[[102.09744, 17.17261], [102.10122, 17.16841], [102.10249, 17.16530], [102.10619, 17.16168], [102.10640, 17.15991], [102.10981, 17.15753], [102.11379, 17.15667], [102.11910, 17.15357], [102.12106, 17.15034], [102.12310, 17.14890], [102.12703, 17.14986], [102.12907, 17.14759], [102.12902, 17.14242], [102.12612, 17.13916], [102.12658, 17.13636], [102.12593, 17.13478], [102.12504, 17.13495], [102.12557, 17.13356], [102.12337, 17.13209], [102.12260, 17.13014], [102.12412, 17.12545], [102.12372, 17.12403], [102.12296, 17.12458], [102.12220, 17.12369], [102.12201, 17.12071], [102.12047, 17.12023], [102.11895, 17.11811], [102.11486, 17.11809], [102.11404, 17.11603], [102.11267, 17.11628], [102.11101, 17.11510], [102.11111, 17.10993], [102.11032, 17.10967], [102.11108, 17.10834], [102.10797, 17.10702], [102.10609, 17.10484], [102.10608, 17.10358], [102.10699, 17.10343], [102.10489, 17.10226], [102.10615, 17.10070], [102.10539, 17.09963], [102.10770, 17.09580], [102.10678, 17.09459], [102.10925, 17.08870], [102.11264, 17.08549], [102.11294, 17.07910], [102.11372, 17.07820], [102.11301, 17.07124], [102.11179, 17.06996], [102.11319, 17.06813], [102.11231, 17.06569], [102.11760, 17.06004], [102.11780, 17.05805], [102.11686, 17.05740], [102.11371, 17.05832], [102.11196, 17.06042], [102.10942, 17.06051], [102.10982, 17.06175], [102.10605, 17.06160], [102.10624, 17.06285], [102.10522, 17.06317], [102.10636, 17.06478], [102.10373, 17.06528], [102.10173, 17.06720], [102.10238, 17.06954], [102.10149, 17.06932], [102.10163, 17.07031], [102.10272, 17.07105], [102.10144, 17.07216], [102.10251, 17.07239], [102.10304, 17.07474], [102.10088, 17.07531], [102.10153, 17.07652], [102.10245, 17.07560], [102.10212, 17.07674], [102.10384, 17.07766], [102.10342, 17.07851], [102.10427, 17.07855], [102.10570, 17.08108], [102.10344, 17.08482], [102.10148, 17.08427], [102.10197, 17.08617], [102.09988, 17.08748], [102.10127, 17.08780], [102.10062, 17.08892], [102.10143, 17.09067], [102.09933, 17.09228], [102.10044, 17.09310], [102.09943, 17.09792], [102.10059, 17.09842], [102.10050, 17.10113], [102.09930, 17.09988], [102.09708, 17.10256], [102.09529, 17.10249], [102.09517, 17.10320], [102.09246, 17.10254], [102.09090, 17.10546], [102.09112, 17.10923], [102.08892, 17.11257], [102.08709, 17.11266], [102.08671, 17.11446], [102.08652, 17.11307], [102.08573, 17.11285], [102.08546, 17.11378], [102.08521, 17.11273], [102.08389, 17.11308], [102.08316, 17.11196], [102.08178, 17.11277], [102.07990, 17.11190], [102.07936, 17.11393], [102.07709, 17.11313], [102.07688, 17.11148], [102.07528, 17.11057], [102.07436, 17.11130], [102.07509, 17.11218], [102.07251, 17.11191], [102.07109, 17.11488], [102.07005, 17.11469], [102.07071, 17.11534], [102.06827, 17.11563], [102.06711, 17.11738], [102.06793, 17.11809], [102.06680, 17.11814], [102.06689, 17.11935], [102.06561, 17.11977], [102.06614, 17.12122], [102.06450, 17.12009], [102.06304, 17.12087], [102.06305, 17.11975], [102.06228, 17.12082], [102.06166, 17.12006], [102.06163, 17.12105], [102.05954, 17.12200], [102.05949, 17.12358], [102.05780, 17.12379], [102.05803, 17.12649], [102.05693, 17.12580], [102.05380, 17.12697], [102.05330, 17.12618], [102.05295, 17.12747], [102.05198, 17.12738], [102.05221, 17.12987], [102.05057, 17.13174], [102.05088, 17.13333], [102.04847, 17.13342], [102.04778, 17.13496], [102.04607, 17.13551], [102.04386, 17.13463], [102.04362, 17.13290], [102.03989, 17.13547], [102.04058, 17.13624], [102.03822, 17.13692], [102.03865, 17.13845], [102.03734, 17.13837], [102.03816, 17.13912], [102.03780, 17.14068], [102.03638, 17.14191], [102.03678, 17.14373], [102.03524, 17.14530], [102.03627, 17.14611], [102.03415, 17.14739], [102.03406, 17.14822], [102.03698, 17.15081], [102.04080, 17.15108], [102.04269, 17.15675], [102.04238, 17.15903], [102.04437, 17.16016], [102.04422, 17.16427], [102.04265, 17.16722], [102.04936, 17.17072], [102.05419, 17.17159], [102.06445, 17.16326], [102.07109, 17.16182], [102.07842, 17.16390], [102.08497, 17.16438], [102.08775, 17.16997], [102.09195, 17.17080], [102.09585, 17.17281], [102.09744, 17.17261]]]}}, {"type": "Feature", "properties": {"tam_th": "หนองแก", "tam_en": "Nong Kae", "tam_code": "TH390410", "amp_th": "ศรีบุญเรือง", "amp_code": "3904", "pro_code": "39", "pro_th": "หนองบัวลำภู"}, "geometry": {"type": "Polygon", "coordinates": [[[102.26602, 17.13251], [102.26928, 17.13140], [102.27464, 17.13194], [102.27791, 17.12846], [102.27843, 17.12654], [102.28757, 17.12751], [102.29348, 17.12543], [102.29676, 17.12737], [102.29969, 17.12522], [102.30311, 17.12643], [102.30633, 17.12573], [102.30547, 17.12086], [102.30784, 17.12069], [102.30771, 17.11976], [102.31072, 17.11996], [102.31422, 17.11773], [102.31684, 17.11852], [102.31968, 17.11783], [102.31899, 17.11670], [102.32415, 17.11074], [102.32351, 17.10861], [102.32566, 17.10777], [102.32714, 17.10189], [102.32586, 17.09521], [102.32771, 17.09433], [102.32723, 17.09119], [102.32860, 17.09069], [102.32938, 17.08892], [102.33171, 17.08842], [102.32998, 17.07944], [102.33134, 17.07034], [102.32752, 17.06501], [102.32439, 17.05519], [102.33011, 17.04272], [102.30822, 17.04042], [102.30589, 17.03933], [102.30073, 17.04054], [102.29927, 17.03848], [102.28402, 17.03118], [102.27994, 17.03049], [102.27987, 17.02911], [102.27793, 17.03028], [102.27832, 17.03331], [102.27340, 17.05230], [102.26682, 17.06712], [102.26154, 17.08338], [102.25966, 17.08362], [102.26009, 17.08572], [102.25735, 17.08859], [102.25406, 17.09761], [102.25453, 17.10481], [102.25293, 17.11369], [102.25362, 17.11493], [102.25712, 17.11562], [102.25805, 17.11626], [102.25799, 17.11775], [102.26076, 17.11884], [102.25933, 17.12828], [102.26602, 17.13251]]]}}, {"type": "Feature", "properties": {"tam_th": "ทรายทอง", "tam_en": "Sai Thong", "tam_code": "TH390411", "amp_th": "ศรีบุญเรือง", "amp_code": "3904", "pro_code": "39", "pro_th": "หนองบัวลำภู"}, "geometry": {"type": "Polygon", "coordinates": [[[102.33858, 16.90865], [102.35682, 16.88276], [102.36518, 16.87301], [102.36917, 16.87102], [102.37730, 16.87153], [102.37720, 16.86917], [102.37875, 16.86879], [102.37903, 16.86684], [102.38139, 16.86400], [102.38424, 16.86376], [102.38296, 16.86190], [102.38626, 16.86167], [102.38634, 16.85804], [102.39969, 16.83522], [102.40384, 16.82566], [102.40530, 16.82066], [102.40516, 16.81526], [102.40104, 16.81784], [102.39963, 16.81729], [102.39899, 16.81531], [102.39410, 16.81599], [102.39386, 16.81304], [102.39186, 16.81039], [102.38553, 16.81647], [102.38156, 16.81651], [102.37758, 16.81794], [102.37558, 16.81596], [102.37658, 16.81460], [102.37943, 16.81438], [102.37960, 16.81232], [102.37850, 16.81117], [102.37556, 16.81082], [102.37428, 16.81311], [102.37033, 16.81363], [102.36582, 16.81778], [102.36149, 16.81680], [102.35819, 16.82225], [102.35506, 16.82304], [102.35595, 16.82538], [102.35216, 16.82998], [102.35008, 16.83096], [102.34921, 16.83023], [102.34890, 16.82641], [102.34999, 16.82422], [102.34705, 16.81848], [102.34604, 16.81766], [102.34328, 16.81804], [102.34197, 16.81974], [102.34138, 16.82341], [102.33828, 16.82442], [102.33910, 16.82931], [102.33594, 16.83165], [102.34042, 16.83495], [102.33995, 16.83669], [102.33167, 16.84034], [102.32954, 16.84487], [102.32792, 16.84463], [102.32609, 16.84635], [102.32426, 16.84557], [102.32355, 16.84627], [102.32631, 16.84793], [102.33210, 16.84861], [102.33064, 16.85493], [102.32864, 16.85587], [102.32263, 16.85320], [102.31911, 16.85518], [102.31674, 16.85477], [102.31779, 16.85833], [102.32113, 16.85979], [102.31929, 16.86180], [102.32445, 16.86504], [102.32474, 16.86699], [102.31806, 16.86788], [102.31494, 16.86933], [102.31264, 16.86725], [102.31164, 16.86752], [102.30988, 16.86952], [102.31017, 16.87104], [102.30806, 16.87230], [102.30721, 16.87498], [102.30367, 16.87573], [102.30244, 16.87697], [102.30217, 16.88047], [102.30722, 16.88214], [102.30691, 16.88435], [102.30198, 16.88560], [102.29809, 16.88261], [102.29625, 16.88453], [102.29144, 16.88433], [102.29193, 16.88770], [102.29509, 16.88815], [102.29634, 16.89120], [102.30719, 16.89889], [102.31283, 16.90980], [102.32585, 16.90878], [102.32588, 16.90959], [102.33252, 16.90953], [102.33345, 16.91084], [102.33858, 16.90865]]]}}, {"type": "Feature", "properties": {"tam_th": "หันนางาม", "tam_en": "Han Na Ngam", "tam_code": "TH390412", "amp_th": "ศรีบุญเรือง", "amp_code": "3904", "pro_code": "39", "pro_th": "หนองบัวลำภู"}, "geometry": {"type": "Polygon", "coordinates": [[[102.25383, 17.02009], [102.25212, 17.01871], [102.25311, 17.01818], [102.25389, 17.01887], [102.25436, 17.01655], [102.25541, 17.01628], [102.25399, 17.01597], [102.25376, 17.01443], [102.25463, 17.01374], [102.25480, 17.01512], [102.25591, 17.01449], [102.25612, 17.01301], [102.25760, 17.01239], [102.25672, 17.01183], [102.25808, 17.01119], [102.25768, 17.01002], [102.25871, 17.01007], [102.25764, 17.00599], [102.26156, 17.00622], [102.26224, 17.00492], [102.26286, 17.00586], [102.26459, 17.00312], [102.26367, 17.00301], [102.26454, 17.00188], [102.26362, 17.00044], [102.26289, 17.00070], [102.26241, 16.99803], [102.26308, 16.99653], [102.26385, 16.99706], [102.26455, 16.99442], [102.26349, 16.99398], [102.26469, 16.99312], [102.26394, 16.99229], [102.26504, 16.99168], [102.26491, 16.99071], [102.26559, 16.99103], [102.26527, 16.98963], [102.26608, 16.98961], [102.26480, 16.98875], [102.26508, 16.98713], [102.26637, 16.98685], [102.26512, 16.98340], [102.26682, 16.98309], [102.26585, 16.98168], [102.26682, 16.98060], [102.26863, 16.98073], [102.26748, 16.97833], [102.26881, 16.97797], [102.26818, 16.97725], [102.26890, 16.97615], [102.26821, 16.97596], [102.27029, 16.97428], [102.26978, 16.97167], [102.27050, 16.96979], [102.26716, 16.96560], [102.26849, 16.96315], [102.26812, 16.96065], [102.26981, 16.96005], [102.26770, 16.95455], [102.26857, 16.95171], [102.26725, 16.94771], [102.26864, 16.94683], [102.26561, 16.94621], [102.26515, 16.94535], [102.26386, 16.94548], [102.26415, 16.94626], [102.26127, 16.94802], [102.25658, 16.94755], [102.25449, 16.94895], [102.25295, 16.94746], [102.24888, 16.95073], [102.24487, 16.95091], [102.24327, 16.95624], [102.24093, 16.95886], [102.24431, 16.96792], [102.24248, 16.97244], [102.22777, 16.97323], [102.22658, 16.97217], [102.22686, 16.97070], [102.22369, 16.97311], [102.22368, 16.97595], [102.22163, 16.97736], [102.22193, 16.98074], [102.22361, 16.98443], [102.21957, 16.98780], [102.22012, 16.98963], [102.22181, 16.98921], [102.22201, 16.99183], [102.22532, 16.99466], [102.22352, 16.99616], [102.22411, 16.99799], [102.22697, 16.99850], [102.22913, 17.00064], [102.22703, 17.00746], [102.24837, 17.01836], [102.25383, 17.02009]]]}}, {"type": "Feature", "properties": {"tam_th": "นาสี", "tam_en": "Na Si", "tam_code": "TH390501", "amp_th": "สุวรรณคูหา", "amp_code": "3905", "pro_code": "39", "pro_th": "หนองบัวลำภู"}, "geometry": {"type": "Polygon", "coordinates": [[[102.28665, 17.69205], [102.28710, 17.69110], [102.28846, 17.69135], [102.28793, 17.69050], [102.28952, 17.68938], [102.28943, 17.68815], [102.29600, 17.68614], [102.29795, 17.68314], [102.29926, 17.68351], [102.29967, 17.68127], [102.30176, 17.68186], [102.30134, 17.67977], [102.29994, 17.67968], [102.30045, 17.67817], [102.30125, 17.67858], [102.30184, 17.67508], [102.30286, 17.67436], [102.31794, 17.67918], [102.31905, 17.64782], [102.32358, 17.62745], [102.32583, 17.59816], [102.32759, 17.59125], [102.33337, 17.57901], [102.33031, 17.58110], [102.32965, 17.58312], [102.32864, 17.58224], [102.32721, 17.58290], [102.32730, 17.58369], [102.32826, 17.58325], [102.32834, 17.58509], [102.32742, 17.58524], [102.32598, 17.58783], [102.32527, 17.58758], [102.32370, 17.59079], [102.32028, 17.58996], [102.32079, 17.58805], [102.32021, 17.58861], [102.31928, 17.58789], [102.31974, 17.58854], [102.31831, 17.58941], [102.31508, 17.58876], [102.31400, 17.58737], [102.31470, 17.58534], [102.31320, 17.58468], [102.30940, 17.58560], [102.30859, 17.58409], [102.30800, 17.58444], [102.30889, 17.58610], [102.30705, 17.58823], [102.30427, 17.58718], [102.30367, 17.58548], [102.29996, 17.58649], [102.29964, 17.58476], [102.29757, 17.58576], [102.29654, 17.58478], [102.29541, 17.58719], [102.29583, 17.58821], [102.29497, 17.58796], [102.29338, 17.58955], [102.29275, 17.58807], [102.29106, 17.58807], [102.28937, 17.59021], [102.28760, 17.59030], [102.28769, 17.59216], [102.28612, 17.59090], [102.28648, 17.58995], [102.28491, 17.59049], [102.28277, 17.58914], [102.28337, 17.58822], [102.28273, 17.58662], [102.28251, 17.58815], [102.28158, 17.58761], [102.28016, 17.58838], [102.28108, 17.58692], [102.27893, 17.58645], [102.27895, 17.58556], [102.27988, 17.58566], [102.27923, 17.58300], [102.27468, 17.57754], [102.27501, 17.57669], [102.27180, 17.57524], [102.27228, 17.57421], [102.27014, 17.57381], [102.26920, 17.57453], [102.26935, 17.57232], [102.26825, 17.57277], [102.26859, 17.57099], [102.26755, 17.57194], [102.26725, 17.56841], [102.26585, 17.56894], [102.26705, 17.56726], [102.26586, 17.56626], [102.26558, 17.56712], [102.26454, 17.56677], [102.26302, 17.56421], [102.26146, 17.56472], [102.26025, 17.56366], [102.25892, 17.56443], [102.25826, 17.56390], [102.25808, 17.56649], [102.25695, 17.56774], [102.25552, 17.56733], [102.25546, 17.56588], [102.25482, 17.56630], [102.25459, 17.56553], [102.25353, 17.56600], [102.25142, 17.56460], [102.25042, 17.56568], [102.25079, 17.56435], [102.24984, 17.56494], [102.24912, 17.56378], [102.24843, 17.56455], [102.24860, 17.56336], [102.24761, 17.56265], [102.24882, 17.58285], [102.25366, 17.58819], [102.25358, 17.58910], [102.25685, 17.59077], [102.25651, 17.59133], [102.25754, 17.59175], [102.25700, 17.59388], [102.25851, 17.59353], [102.26748, 17.60444], [102.27338, 17.60680], [102.27493, 17.60885], [102.27602, 17.60852], [102.27589, 17.61191], [102.28073, 17.61277], [102.27310, 17.62635], [102.27238, 17.63460], [102.26995, 17.63628], [102.27139, 17.64059], [102.26988, 17.64564], [102.27232, 17.64728], [102.27130, 17.64948], [102.27277, 17.65291], [102.27119, 17.65870], [102.26249, 17.67904], [102.26257, 17.68952], [102.26652, 17.69056], [102.27129, 17.68965], [102.27204, 17.69026], [102.27209, 17.68899], [102.27571, 17.68866], [102.27833, 17.68604], [102.27942, 17.68649], [102.28062, 17.68535], [102.28211, 17.68599], [102.28342, 17.69077], [102.28665, 17.69205]]]}}, {"type": "Feature", "properties": {"tam_th": "บ้านโคก", "tam_en": "Ban Khok", "tam_code": "TH390502", "amp_th": "สุวรรณคูหา", "amp_code": "3905", "pro_code": "39", "pro_th": "หนองบัวลำภู"}, "geometry": {"type": "Polygon", "coordinates": [[[102.24172, 17.60510], [102.24511, 17.60224], [102.24874, 17.60325], [102.24994, 17.60072], [102.25150, 17.60048], [102.25117, 17.59968], [102.26205, 17.60083], [102.26428, 17.59990], [102.25851, 17.59353], [102.25700, 17.59388], [102.25754, 17.59175], [102.25651, 17.59133], [102.25685, 17.59077], [102.25358, 17.58910], [102.25366, 17.58819], [102.24882, 17.58285], [102.24758, 17.56267], [102.24860, 17.56336], [102.24837, 17.56452], [102.24927, 17.56379], [102.24984, 17.56494], [102.25082, 17.56438], [102.25042, 17.56568], [102.25142, 17.56460], [102.25258, 17.56559], [102.25694, 17.56017], [102.25787, 17.55094], [102.25932, 17.54882], [102.25862, 17.54806], [102.26012, 17.54802], [102.26073, 17.54689], [102.25811, 17.54596], [102.25740, 17.54169], [102.25843, 17.54184], [102.25864, 17.54068], [102.25737, 17.54021], [102.25685, 17.53749], [102.25572, 17.53732], [102.25579, 17.53509], [102.25319, 17.53577], [102.24943, 17.53499], [102.24902, 17.53425], [102.24997, 17.53388], [102.25044, 17.53194], [102.24957, 17.53122], [102.24852, 17.53178], [102.24912, 17.52939], [102.24784, 17.52962], [102.24775, 17.52861], [102.24850, 17.52856], [102.24774, 17.52715], [102.24561, 17.52730], [102.24548, 17.52661], [102.24639, 17.52671], [102.24563, 17.52593], [102.24410, 17.52612], [102.24464, 17.52424], [102.24278, 17.52427], [102.24329, 17.52293], [102.24256, 17.52210], [102.24324, 17.52172], [102.24210, 17.52039], [102.24292, 17.51948], [102.24080, 17.51711], [102.24084, 17.51592], [102.23988, 17.51641], [102.24056, 17.51484], [102.23816, 17.51514], [102.23861, 17.51365], [102.23759, 17.51406], [102.23757, 17.51292], [102.23839, 17.51259], [102.23682, 17.51256], [102.23619, 17.51113], [102.23709, 17.51003], [102.24022, 17.50948], [102.23891, 17.50717], [102.23748, 17.50715], [102.23904, 17.50607], [102.23878, 17.50515], [102.23558, 17.50427], [102.23518, 17.50534], [102.23366, 17.50505], [102.22433, 17.50029], [102.20566, 17.49863], [102.20482, 17.49481], [102.20515, 17.48261], [102.20636, 17.48084], [102.20895, 17.47969], [102.21196, 17.47975], [102.21327, 17.47790], [102.21726, 17.47808], [102.21462, 17.47069], [102.21357, 17.46995], [102.21086, 17.47142], [102.20475, 17.47183], [102.20199, 17.47318], [102.19908, 17.47277], [102.19846, 17.47474], [102.18718, 17.48611], [102.17564, 17.49360], [102.16865, 17.49502], [102.16332, 17.49438], [102.15888, 17.49266], [102.15621, 17.48710], [102.15089, 17.48750], [102.15038, 17.48603], [102.14706, 17.48863], [102.14361, 17.48913], [102.14373, 17.49101], [102.14131, 17.49088], [102.14145, 17.49188], [102.14019, 17.49255], [102.13868, 17.49201], [102.13701, 17.49299], [102.13509, 17.49205], [102.13372, 17.49628], [102.12917, 17.49785], [102.12883, 17.49859], [102.12982, 17.49886], [102.13366, 17.49747], [102.13527, 17.49790], [102.13718, 17.50030], [102.13724, 17.50225], [102.13870, 17.50236], [102.13964, 17.50135], [102.14637, 17.50824], [102.15023, 17.50623], [102.15346, 17.50796], [102.15229, 17.51204], [102.14835, 17.51418], [102.14724, 17.51672], [102.14825, 17.51699], [102.15074, 17.51542], [102.15293, 17.51798], [102.15588, 17.51804], [102.15549, 17.52258], [102.15632, 17.52440], [102.15990, 17.52513], [102.16094, 17.52645], [102.16160, 17.52519], [102.16401, 17.52493], [102.16732, 17.52767], [102.16756, 17.53099], [102.16663, 17.53284], [102.16792, 17.53820], [102.17030, 17.54077], [102.17225, 17.54141], [102.17354, 17.55066], [102.17651, 17.55210], [102.17725, 17.55477], [102.17949, 17.55628], [102.18439, 17.56618], [102.18216, 17.57299], [102.18251, 17.57576], [102.18635, 17.57638], [102.18758, 17.57774], [102.18914, 17.57648], [102.19547, 17.57669], [102.20780, 17.58462], [102.21123, 17.58382], [102.21218, 17.58948], [102.21451, 17.59078], [102.21592, 17.58936], [102.24172, 17.60510]]]}}, {"type": "Feature", "properties": {"tam_th": "นาดี", "tam_en": "Na Di", "tam_code": "TH390503", "amp_th": "สุวรรณคูหา", "amp_code": "3905", "pro_code": "39", "pro_th": "หนองบัวลำภู"}, "geometry": {"type": "Polygon", "coordinates": [[[102.28645, 17.52678], [102.29694, 17.51272], [102.30476, 17.51370], [102.30443, 17.51253], [102.30700, 17.51121], [102.30533, 17.51072], [102.30779, 17.50865], [102.30686, 17.50833], [102.30615, 17.50939], [102.30602, 17.50749], [102.30940, 17.50447], [102.30751, 17.50218], [102.30741, 17.49993], [102.30591, 17.49936], [102.30669, 17.49856], [102.30536, 17.49753], [102.30621, 17.49651], [102.30515, 17.49621], [102.30542, 17.49536], [102.30645, 17.49570], [102.30805, 17.49427], [102.30665, 17.49289], [102.30756, 17.49316], [102.30887, 17.49034], [102.30756, 17.48981], [102.30752, 17.48719], [102.30669, 17.48727], [102.30598, 17.48578], [102.30654, 17.48446], [102.30760, 17.48527], [102.30804, 17.48411], [102.30875, 17.48481], [102.30957, 17.48419], [102.30853, 17.48095], [102.31115, 17.48025], [102.31112, 17.47803], [102.30971, 17.47647], [102.31229, 17.47463], [102.31147, 17.47402], [102.31171, 17.46949], [102.31300, 17.46883], [102.31234, 17.46769], [102.31333, 17.46711], [102.31287, 17.46650], [102.31398, 17.46624], [102.31271, 17.46586], [102.31465, 17.46574], [102.31446, 17.46467], [102.31585, 17.46415], [102.31495, 17.46355], [102.31694, 17.46172], [102.31673, 17.46022], [102.31541, 17.45937], [102.31607, 17.45805], [102.31526, 17.45799], [102.31524, 17.45673], [102.31628, 17.45701], [102.31674, 17.45590], [102.31542, 17.45640], [102.31398, 17.45552], [102.31529, 17.45431], [102.31293, 17.45376], [102.31378, 17.45242], [102.31134, 17.44994], [102.31222, 17.44867], [102.31125, 17.44849], [102.31055, 17.44648], [102.31106, 17.44581], [102.31213, 17.44630], [102.31194, 17.44544], [102.31314, 17.44468], [102.31209, 17.44144], [102.31315, 17.43896], [102.31258, 17.43778], [102.31491, 17.43780], [102.31396, 17.43646], [102.31536, 17.43609], [102.31600, 17.43401], [102.31730, 17.43346], [102.31594, 17.43137], [102.31644, 17.42921], [102.31748, 17.42960], [102.31513, 17.42683], [102.31608, 17.42456], [102.31526, 17.42520], [102.31471, 17.42451], [102.31523, 17.42177], [102.31428, 17.42044], [102.31548, 17.42042], [102.31465, 17.41844], [102.31576, 17.41729], [102.31569, 17.41574], [102.31341, 17.41446], [102.31317, 17.41105], [102.31246, 17.41167], [102.31138, 17.41000], [102.30412, 17.40932], [102.30000, 17.41214], [102.29577, 17.41116], [102.29394, 17.41164], [102.29454, 17.41410], [102.28658, 17.42167], [102.28457, 17.42246], [102.26987, 17.42095], [102.26529, 17.42224], [102.26253, 17.42434], [102.25808, 17.43320], [102.25641, 17.43426], [102.25783, 17.43668], [102.25712, 17.43725], [102.25822, 17.43740], [102.25827, 17.43828], [102.25448, 17.43902], [102.25191, 17.44172], [102.25003, 17.44180], [102.24948, 17.44341], [102.24023, 17.44488], [102.24221, 17.45348], [102.23223, 17.45973], [102.22098, 17.46461], [102.21726, 17.47808], [102.21327, 17.47790], [102.21196, 17.47975], [102.20895, 17.47969], [102.20636, 17.48084], [102.20515, 17.48261], [102.20482, 17.49481], [102.20566, 17.49863], [102.22433, 17.50029], [102.23366, 17.50505], [102.23796, 17.50448], [102.23905, 17.50602], [102.23762, 17.50653], [102.23768, 17.50761], [102.23884, 17.50712], [102.24023, 17.50946], [102.23709, 17.51003], [102.23619, 17.51113], [102.23682, 17.51256], [102.23839, 17.51259], [102.23757, 17.51292], [102.23759, 17.51406], [102.23861, 17.51365], [102.23816, 17.51514], [102.24056, 17.51484], [102.23988, 17.51641], [102.24084, 17.51592], [102.24080, 17.51711], [102.24293, 17.51951], [102.24210, 17.52039], [102.24324, 17.52172], [102.24256, 17.52210], [102.24329, 17.52293], [102.24278, 17.52427], [102.24464, 17.52424], [102.24410, 17.52612], [102.24563, 17.52593], [102.24639, 17.52671], [102.24548, 17.52661], [102.24561, 17.52730], [102.26112, 17.52544], [102.27384, 17.52539], [102.27580, 17.52643], [102.28122, 17.52527], [102.28645, 17.52678]]]}}, {"type": "Feature", "properties": {"tam_th": "นาด่าน", "tam_en": "Na Dan", "tam_code": "TH390504", "amp_th": "สุวรรณคูหา", "amp_code": "3905", "pro_code": "39", "pro_th": "หนองบัวลำภู"}, "geometry": {"type": "Polygon", "coordinates": [[[102.34902, 17.52675], [102.36187, 17.51378], [102.36260, 17.51005], [102.36458, 17.50844], [102.36474, 17.50614], [102.36665, 17.50625], [102.36580, 17.50345], [102.36884, 17.50034], [102.37081, 17.49527], [102.37458, 17.48271], [102.38224, 17.46425], [102.38466, 17.45250], [102.39860, 17.41463], [102.38098, 17.41570], [102.37960, 17.41643], [102.37816, 17.41556], [102.37631, 17.41689], [102.37355, 17.41579], [102.37136, 17.41745], [102.36992, 17.41722], [102.36906, 17.41932], [102.36745, 17.41923], [102.36456, 17.42170], [102.36423, 17.42376], [102.36249, 17.42355], [102.36232, 17.42443], [102.35956, 17.42502], [102.35832, 17.42429], [102.35741, 17.42614], [102.35564, 17.42639], [102.35587, 17.42794], [102.35476, 17.42806], [102.35557, 17.42879], [102.35465, 17.42934], [102.35410, 17.43230], [102.35763, 17.43386], [102.35680, 17.43647], [102.35827, 17.43745], [102.35497, 17.44059], [102.35308, 17.44109], [102.35345, 17.44195], [102.35120, 17.44190], [102.35065, 17.44345], [102.34815, 17.44245], [102.34736, 17.44309], [102.34772, 17.44456], [102.34562, 17.44416], [102.34482, 17.44492], [102.34500, 17.44698], [102.34236, 17.44894], [102.33250, 17.43826], [102.32568, 17.43351], [102.32085, 17.43201], [102.31607, 17.43200], [102.31731, 17.43343], [102.31600, 17.43401], [102.31536, 17.43609], [102.31397, 17.43644], [102.31491, 17.43780], [102.31258, 17.43778], [102.31315, 17.43896], [102.31209, 17.44144], [102.31331, 17.44410], [102.31213, 17.44630], [102.31106, 17.44581], [102.31055, 17.44648], [102.31125, 17.44849], [102.31222, 17.44867], [102.31134, 17.44994], [102.31378, 17.45242], [102.31293, 17.45376], [102.31529, 17.45431], [102.31398, 17.45552], [102.31542, 17.45640], [102.31674, 17.45590], [102.31628, 17.45701], [102.31524, 17.45673], [102.31526, 17.45799], [102.31607, 17.45805], [102.31541, 17.45937], [102.31673, 17.46022], [102.31694, 17.46172], [102.31495, 17.46355], [102.31585, 17.46415], [102.31446, 17.46467], [102.31465, 17.46574], [102.31271, 17.46586], [102.31398, 17.46624], [102.31287, 17.46650], [102.31333, 17.46711], [102.31234, 17.46769], [102.31300, 17.46883], [102.31171, 17.46949], [102.31147, 17.47402], [102.31229, 17.47463], [102.30971, 17.47647], [102.31112, 17.47803], [102.31115, 17.48025], [102.30853, 17.48095], [102.30957, 17.48419], [102.30875, 17.48481], [102.30804, 17.48411], [102.30760, 17.48527], [102.30654, 17.48446], [102.30599, 17.48574], [102.30669, 17.48727], [102.30752, 17.48719], [102.30756, 17.48981], [102.30887, 17.49034], [102.30756, 17.49316], [102.30665, 17.49289], [102.30805, 17.49427], [102.30645, 17.49570], [102.30542, 17.49536], [102.30515, 17.49621], [102.30621, 17.49651], [102.30536, 17.49753], [102.30669, 17.49856], [102.30591, 17.49936], [102.30741, 17.49993], [102.30754, 17.50226], [102.30944, 17.50429], [102.30602, 17.50749], [102.30615, 17.50939], [102.30686, 17.50833], [102.30779, 17.50865], [102.30532, 17.51073], [102.30699, 17.51125], [102.30443, 17.51253], [102.30441, 17.51469], [102.30567, 17.51460], [102.30830, 17.51759], [102.30746, 17.51916], [102.30912, 17.51993], [102.31052, 17.52588], [102.31445, 17.52460], [102.31564, 17.52542], [102.31597, 17.52349], [102.31716, 17.52434], [102.31732, 17.52352], [102.31961, 17.52363], [102.32039, 17.52174], [102.32207, 17.52209], [102.32232, 17.52072], [102.32450, 17.52198], [102.32843, 17.51997], [102.33098, 17.52070], [102.33336, 17.51692], [102.33490, 17.51756], [102.33552, 17.51921], [102.33746, 17.51841], [102.34049, 17.51900], [102.34188, 17.52101], [102.34144, 17.52309], [102.34729, 17.53056], [102.34902, 17.52675]]]}}, {"type": "Feature", "properties": {"tam_th": "ดงมะไฟ", "tam_en": "Dong Mafai", "tam_code": "TH390505", "amp_th": "สุวรรณคูหา", "amp_code": "3905", "pro_code": "39", "pro_th": "หนองบัวลำภู"}, "geometry": {"type": "Polygon", "coordinates": [[[102.15883, 17.66810], [102.16095, 17.66672], [102.16098, 17.66542], [102.16384, 17.66608], [102.16509, 17.66379], [102.16821, 17.66391], [102.16973, 17.66301], [102.17016, 17.66373], [102.17154, 17.66185], [102.17696, 17.65937], [102.18671, 17.65720], [102.19369, 17.65783], [102.20084, 17.65517], [102.20764, 17.65709], [102.21095, 17.65516], [102.21505, 17.65440], [102.21606, 17.65311], [102.21757, 17.65419], [102.22389, 17.65116], [102.22929, 17.65239], [102.24508, 17.65067], [102.25376, 17.65525], [102.25873, 17.65679], [102.26422, 17.66097], [102.26940, 17.66266], [102.27277, 17.65291], [102.27130, 17.64948], [102.27232, 17.64728], [102.26988, 17.64564], [102.27139, 17.64059], [102.26995, 17.63628], [102.27238, 17.63460], [102.27310, 17.62635], [102.28073, 17.61277], [102.27589, 17.61191], [102.27602, 17.60852], [102.27493, 17.60885], [102.27338, 17.60680], [102.26748, 17.60444], [102.26428, 17.59990], [102.26205, 17.60083], [102.25117, 17.59968], [102.25150, 17.60048], [102.24994, 17.60072], [102.24874, 17.60325], [102.24511, 17.60224], [102.24149, 17.60520], [102.21592, 17.58936], [102.21451, 17.59078], [102.21218, 17.58948], [102.21123, 17.58382], [102.20780, 17.58462], [102.19547, 17.57669], [102.18914, 17.57648], [102.18758, 17.57774], [102.18635, 17.57638], [102.18349, 17.57629], [102.18092, 17.57793], [102.17837, 17.58149], [102.17518, 17.58885], [102.17035, 17.59215], [102.16398, 17.59987], [102.16342, 17.60521], [102.15107, 17.60792], [102.14739, 17.61694], [102.14578, 17.61737], [102.14476, 17.62151], [102.14248, 17.62287], [102.14130, 17.62550], [102.14273, 17.62679], [102.14244, 17.62931], [102.13942, 17.63129], [102.13742, 17.63646], [102.13958, 17.64089], [102.13918, 17.64201], [102.14076, 17.64234], [102.14041, 17.64476], [102.14132, 17.64507], [102.14197, 17.64936], [102.14323, 17.65045], [102.14157, 17.65271], [102.14260, 17.65297], [102.14163, 17.65494], [102.14316, 17.65749], [102.14272, 17.65887], [102.14441, 17.65936], [102.14555, 17.66174], [102.14593, 17.66105], [102.14751, 17.66165], [102.14735, 17.66287], [102.14975, 17.66321], [102.14940, 17.66591], [102.15883, 17.66810]]]}}, {"type": "Feature", "properties": {"tam_th": "สุวรรณคูหา", "tam_en": "Suwannakhuha", "tam_code": "TH390506", "amp_th": "สุวรรณคูหา", "amp_code": "3905", "pro_code": "39", "pro_th": "หนองบัวลำภู"}, "geometry": {"type": "Polygon", "coordinates": [[[102.28541, 17.59046], [102.28631, 17.58743], [102.28982, 17.58492], [102.28927, 17.58286], [102.29415, 17.57569], [102.29651, 17.56923], [102.29539, 17.56296], [102.29684, 17.55269], [102.29373, 17.53875], [102.28775, 17.52820], [102.28590, 17.52643], [102.28122, 17.52527], [102.27580, 17.52643], [102.27199, 17.52537], [102.24773, 17.52655], [102.24721, 17.52703], [102.24850, 17.52856], [102.24776, 17.52859], [102.24783, 17.52960], [102.24912, 17.52939], [102.24843, 17.53159], [102.25044, 17.53194], [102.24940, 17.53496], [102.25319, 17.53577], [102.25579, 17.53509], [102.25572, 17.53732], [102.25685, 17.53749], [102.25737, 17.54021], [102.25864, 17.54068], [102.25843, 17.54184], [102.25740, 17.54169], [102.25811, 17.54596], [102.26073, 17.54689], [102.26012, 17.54802], [102.25862, 17.54806], [102.25932, 17.54882], [102.25787, 17.55094], [102.25694, 17.56017], [102.25258, 17.56559], [102.25536, 17.56577], [102.25552, 17.56733], [102.25714, 17.56774], [102.25809, 17.56646], [102.25776, 17.56404], [102.26023, 17.56365], [102.26123, 17.56469], [102.26306, 17.56424], [102.26460, 17.56680], [102.26558, 17.56712], [102.26586, 17.56626], [102.26705, 17.56726], [102.26585, 17.56894], [102.26725, 17.56841], [102.26755, 17.57194], [102.26859, 17.57099], [102.26825, 17.57277], [102.26935, 17.57232], [102.26920, 17.57453], [102.27014, 17.57381], [102.27228, 17.57421], [102.27180, 17.57524], [102.27501, 17.57669], [102.27468, 17.57754], [102.27923, 17.58300], [102.27988, 17.58566], [102.27895, 17.58556], [102.27893, 17.58645], [102.28108, 17.58692], [102.28016, 17.58838], [102.28158, 17.58761], [102.28251, 17.58815], [102.28273, 17.58662], [102.28337, 17.58822], [102.28274, 17.58910], [102.28541, 17.59046]]]}}, {"type": "Feature", "properties": {"tam_th": "บุญทัน", "tam_en": "Bunthan", "tam_code": "TH390507", "amp_th": "สุวรรณคูหา", "amp_code": "3905", "pro_code": "39", "pro_th": "หนองบัวลำภู"}, "geometry": {"type": "Polygon", "coordinates": [[[102.14206, 17.65416], [102.14260, 17.65297], [102.14157, 17.65276], [102.14173, 17.65158], [102.14323, 17.65045], [102.14197, 17.64936], [102.14132, 17.64507], [102.14041, 17.64476], [102.14074, 17.64228], [102.13918, 17.64201], [102.13921, 17.63973], [102.13737, 17.63690], [102.13942, 17.63129], [102.14268, 17.62872], [102.14273, 17.62679], [102.14129, 17.62551], [102.14247, 17.62288], [102.14473, 17.62157], [102.14579, 17.61735], [102.14739, 17.61694], [102.15107, 17.60792], [102.16342, 17.60521], [102.16398, 17.59987], [102.17035, 17.59215], [102.17518, 17.58885], [102.17837, 17.58149], [102.18092, 17.57793], [102.18349, 17.57629], [102.18245, 17.57568], [102.18214, 17.57310], [102.18439, 17.56618], [102.17949, 17.55628], [102.17725, 17.55477], [102.17651, 17.55210], [102.17354, 17.55066], [102.17225, 17.54141], [102.17030, 17.54077], [102.16792, 17.53820], [102.16663, 17.53284], [102.16756, 17.53099], [102.16732, 17.52767], [102.16401, 17.52493], [102.16160, 17.52519], [102.16094, 17.52645], [102.15990, 17.52513], [102.15632, 17.52440], [102.15549, 17.52258], [102.15588, 17.51804], [102.15293, 17.51798], [102.15074, 17.51542], [102.14825, 17.51699], [102.14724, 17.51672], [102.14835, 17.51418], [102.15229, 17.51204], [102.15349, 17.50799], [102.15023, 17.50623], [102.14637, 17.50824], [102.13964, 17.50135], [102.13870, 17.50236], [102.13724, 17.50225], [102.13718, 17.50030], [102.13527, 17.49790], [102.13366, 17.49747], [102.12982, 17.49886], [102.12799, 17.49759], [102.12452, 17.50281], [102.12595, 17.50631], [102.12543, 17.50902], [102.13086, 17.50821], [102.13544, 17.50879], [102.13578, 17.51540], [102.13654, 17.51757], [102.13848, 17.51912], [102.13977, 17.52753], [102.13980, 17.53240], [102.13668, 17.53328], [102.13279, 17.54113], [102.13556, 17.54698], [102.13516, 17.55340], [102.13154, 17.55993], [102.12503, 17.56544], [102.11888, 17.56879], [102.11960, 17.57237], [102.11535, 17.57720], [102.11396, 17.58771], [102.10874, 17.59947], [102.10637, 17.60766], [102.10029, 17.61405], [102.09738, 17.61315], [102.08969, 17.62698], [102.08653, 17.62839], [102.08322, 17.63432], [102.08609, 17.63409], [102.08731, 17.63697], [102.09095, 17.63803], [102.09139, 17.64068], [102.09537, 17.64240], [102.09639, 17.64381], [102.09800, 17.64387], [102.09908, 17.64566], [102.10461, 17.64725], [102.10612, 17.64631], [102.10455, 17.64259], [102.10671, 17.64283], [102.10998, 17.63840], [102.11206, 17.63887], [102.11487, 17.63608], [102.11807, 17.63592], [102.11793, 17.63401], [102.11963, 17.63276], [102.12367, 17.63373], [102.12432, 17.63466], [102.12795, 17.63501], [102.13030, 17.63634], [102.13127, 17.63855], [102.13059, 17.63921], [102.13329, 17.64057], [102.13228, 17.64195], [102.13375, 17.64439], [102.13235, 17.64545], [102.13221, 17.64714], [102.13666, 17.64773], [102.13915, 17.64916], [102.13982, 17.65051], [102.13839, 17.65213], [102.13911, 17.65196], [102.13991, 17.65406], [102.14206, 17.65416]]]}}, {"type": "Feature", "properties": {"tam_th": "กุดผึ้ง", "tam_en": "Kut Phueng", "tam_code": "TH390508", "amp_th": "สุวรรณคูหา", "amp_code": "3905", "pro_code": "39", "pro_th": "หนองบัวลำภู"}, "geometry": {"type": "Polygon", "coordinates": [[[102.28757, 17.59076], [102.28937, 17.59021], [102.29114, 17.58804], [102.29275, 17.58807], [102.29338, 17.58955], [102.29497, 17.58796], [102.29583, 17.58821], [102.29541, 17.58719], [102.29662, 17.58477], [102.29757, 17.58576], [102.29964, 17.58476], [102.29996, 17.58649], [102.30367, 17.58548], [102.30427, 17.58718], [102.30709, 17.58822], [102.30889, 17.58610], [102.30800, 17.58444], [102.30866, 17.58409], [102.30940, 17.58560], [102.31320, 17.58468], [102.31470, 17.58534], [102.31400, 17.58737], [102.31508, 17.58876], [102.31831, 17.58941], [102.31974, 17.58854], [102.31928, 17.58789], [102.32021, 17.58861], [102.32079, 17.58805], [102.32028, 17.58996], [102.32370, 17.59079], [102.32527, 17.58758], [102.32598, 17.58783], [102.32742, 17.58524], [102.32834, 17.58509], [102.32826, 17.58325], [102.32730, 17.58369], [102.32721, 17.58290], [102.32864, 17.58224], [102.32965, 17.58312], [102.33031, 17.58110], [102.33337, 17.57901], [102.33449, 17.56812], [102.33238, 17.55125], [102.34240, 17.53943], [102.34729, 17.53056], [102.34144, 17.52309], [102.34188, 17.52101], [102.34052, 17.51901], [102.33746, 17.51841], [102.33552, 17.51921], [102.33490, 17.51756], [102.33336, 17.51692], [102.33098, 17.52070], [102.32843, 17.51997], [102.32450, 17.52198], [102.32232, 17.52072], [102.32207, 17.52209], [102.32039, 17.52174], [102.31961, 17.52363], [102.31732, 17.52352], [102.31716, 17.52434], [102.31597, 17.52349], [102.31564, 17.52542], [102.31445, 17.52460], [102.31052, 17.52588], [102.30909, 17.52229], [102.30975, 17.52142], [102.30906, 17.51985], [102.30746, 17.51918], [102.30832, 17.51767], [102.30657, 17.51542], [102.30449, 17.51479], [102.30476, 17.51370], [102.29694, 17.51272], [102.28645, 17.52678], [102.29373, 17.53875], [102.29684, 17.55269], [102.29539, 17.56296], [102.29640, 17.57035], [102.29415, 17.57569], [102.28927, 17.58286], [102.28982, 17.58492], [102.28631, 17.58743], [102.28541, 17.59046], [102.28655, 17.59000], [102.28612, 17.59090], [102.28776, 17.59216], [102.28757, 17.59076]]]}}, {"type": "Feature", "properties": {"tam_th": "นาเหล่า", "tam_en": "Na Lao", "tam_code": "TH390601", "amp_th": "นาวัง", "amp_code": "3906", "pro_code": "39", "pro_th": "หนองบัวลำภู"}, "geometry": {"type": "Polygon", "coordinates": [[[102.05777, 17.36483], [102.05942, 17.36307], [102.05860, 17.36255], [102.05955, 17.36229], [102.05900, 17.36122], [102.06073, 17.36070], [102.06245, 17.36194], [102.06459, 17.35970], [102.06417, 17.35891], [102.06256, 17.35940], [102.06223, 17.35647], [102.06366, 17.35670], [102.06245, 17.35508], [102.06421, 17.35602], [102.06431, 17.35405], [102.06598, 17.35425], [102.06605, 17.35311], [102.06693, 17.35405], [102.06679, 17.35234], [102.06786, 17.35298], [102.06834, 17.35195], [102.06745, 17.35145], [102.06912, 17.35166], [102.06849, 17.34949], [102.06996, 17.35011], [102.06930, 17.34871], [102.07145, 17.34847], [102.06956, 17.34718], [102.07136, 17.34637], [102.07086, 17.34560], [102.07160, 17.34510], [102.07023, 17.34514], [102.07233, 17.34222], [102.07333, 17.34165], [102.07456, 17.34312], [102.07638, 17.34203], [102.07664, 17.34280], [102.07734, 17.34108], [102.08031, 17.33940], [102.08075, 17.33762], [102.08258, 17.33709], [102.08400, 17.33781], [102.08368, 17.33664], [102.08452, 17.33593], [102.08261, 17.33611], [102.08278, 17.33458], [102.08201, 17.33421], [102.08324, 17.33220], [102.08244, 17.33004], [102.08463, 17.33024], [102.08278, 17.32712], [102.08500, 17.32658], [102.08441, 17.32531], [102.08511, 17.32425], [102.08631, 17.32539], [102.08646, 17.32371], [102.08758, 17.32376], [102.08780, 17.32484], [102.08947, 17.32277], [102.08864, 17.32087], [102.08765, 17.32114], [102.08903, 17.31845], [102.08842, 17.31688], [102.08926, 17.31659], [102.08829, 17.31481], [102.08950, 17.31437], [102.08911, 17.31360], [102.08875, 17.31439], [102.08799, 17.31387], [102.09170, 17.31107], [102.09511, 17.31066], [102.09400, 17.30992], [102.09530, 17.30892], [102.09551, 17.30996], [102.09760, 17.30841], [102.09635, 17.30739], [102.09585, 17.30440], [102.09801, 17.29920], [102.09943, 17.29223], [102.10586, 17.28928], [102.10801, 17.28921], [102.10952, 17.28615], [102.10600, 17.28309], [102.10516, 17.28068], [102.10565, 17.27871], [102.10461, 17.27744], [102.10595, 17.27434], [102.10505, 17.27184], [102.10769, 17.26722], [102.10658, 17.26248], [102.10389, 17.26166], [102.10236, 17.25946], [102.10050, 17.25996], [102.09736, 17.25744], [102.09575, 17.25742], [102.09510, 17.25367], [102.09222, 17.24930], [102.09374, 17.24620], [102.09411, 17.23918], [102.09629, 17.23392], [102.10562, 17.22997], [102.10548, 17.22813], [102.10248, 17.22299], [102.10531, 17.21369], [102.10687, 17.21106], [102.10935, 17.20959], [102.10914, 17.20744], [102.11104, 17.20754], [102.11187, 17.20580], [102.11180, 17.20193], [102.11014, 17.19925], [102.11095, 17.19774], [102.11394, 17.19634], [102.11550, 17.19188], [102.11706, 17.19118], [102.11719, 17.19015], [102.12249, 17.18786], [102.12311, 17.18196], [102.11362, 17.17679], [102.10518, 17.17619], [102.09953, 17.17955], [102.09860, 17.18448], [102.09930, 17.18774], [102.09866, 17.19618], [102.08629, 17.24517], [102.08606, 17.24906], [102.08454, 17.25258], [102.07732, 17.25766], [102.06035, 17.25741], [102.04918, 17.26361], [102.04434, 17.26371], [102.04161, 17.26549], [102.04064, 17.27012], [102.03841, 17.27426], [102.03828, 17.27697], [102.03583, 17.27943], [102.04036, 17.28690], [102.04144, 17.29114], [102.05557, 17.29980], [102.05813, 17.31544], [102.06371, 17.32860], [102.06090, 17.33194], [102.06081, 17.33431], [102.05963, 17.33407], [102.05861, 17.33540], [102.05839, 17.33756], [102.06018, 17.34104], [102.05809, 17.34135], [102.05326, 17.33992], [102.04984, 17.34129], [102.04538, 17.34684], [102.04590, 17.35288], [102.04464, 17.35458], [102.04672, 17.35523], [102.05059, 17.36018], [102.05704, 17.36062], [102.05777, 17.36483]]]}}, {"type": "Feature", "properties": {"tam_th": "นาแก", "tam_en": "Na Kae", "tam_code": "TH390602", "amp_th": "นาวัง", "amp_code": "3906", "pro_code": "39", "pro_th": "หนองบัวลำภู"}, "geometry": {"type": "Polygon", "coordinates": [[[102.09039, 17.46224], [102.09165, 17.46215], [102.09292, 17.45896], [102.09588, 17.45658], [102.09929, 17.45518], [102.10014, 17.45394], [102.10279, 17.45348], [102.10505, 17.44680], [102.09674, 17.43675], [102.09889, 17.43369], [102.09895, 17.43103], [102.10013, 17.43052], [102.10008, 17.42805], [102.10175, 17.42674], [102.10404, 17.41761], [102.10540, 17.41675], [102.10636, 17.41365], [102.11052, 17.41028], [102.11081, 17.40816], [102.11269, 17.40584], [102.11538, 17.40453], [102.12097, 17.39831], [102.12271, 17.39823], [102.12631, 17.39513], [102.12520, 17.39309], [102.12175, 17.39121], [102.12272, 17.38584], [102.12222, 17.38057], [102.11808, 17.37648], [102.11813, 17.37539], [102.13135, 17.36932], [102.13215, 17.36810], [102.12612, 17.36639], [102.12510, 17.36399], [102.12165, 17.36412], [102.11870, 17.36167], [102.11681, 17.36249], [102.11609, 17.35760], [102.11509, 17.35685], [102.11372, 17.35165], [102.11385, 17.34855], [102.10476, 17.35145], [102.10201, 17.34927], [102.10089, 17.34420], [102.09878, 17.34375], [102.09562, 17.34072], [102.09402, 17.34035], [102.09421, 17.33841], [102.09347, 17.33831], [102.09291, 17.33561], [102.08915, 17.33216], [102.08951, 17.33076], [102.08836, 17.32962], [102.09050, 17.32828], [102.08952, 17.32755], [102.09040, 17.32736], [102.08950, 17.32697], [102.09044, 17.32597], [102.08983, 17.32312], [102.08780, 17.32484], [102.08758, 17.32376], [102.08646, 17.32371], [102.08631, 17.32539], [102.08521, 17.32418], [102.08441, 17.32531], [102.08500, 17.32658], [102.08279, 17.32709], [102.08463, 17.33024], [102.08244, 17.33004], [102.08324, 17.33220], [102.08201, 17.33421], [102.08278, 17.33458], [102.08261, 17.33611], [102.08452, 17.33593], [102.08368, 17.33664], [102.08400, 17.33781], [102.08258, 17.33709], [102.08075, 17.33762], [102.08031, 17.33940], [102.07734, 17.34108], [102.07664, 17.34280], [102.07638, 17.34203], [102.07456, 17.34312], [102.07333, 17.34165], [102.07233, 17.34222], [102.07023, 17.34514], [102.07160, 17.34510], [102.07086, 17.34560], [102.07136, 17.34637], [102.06956, 17.34718], [102.07145, 17.34847], [102.06930, 17.34871], [102.06996, 17.35011], [102.06851, 17.34946], [102.06916, 17.35157], [102.06745, 17.35145], [102.06834, 17.35195], [102.06786, 17.35298], [102.06679, 17.35234], [102.06696, 17.35404], [102.06605, 17.35311], [102.06598, 17.35425], [102.06434, 17.35403], [102.06418, 17.35604], [102.06245, 17.35508], [102.06366, 17.35670], [102.06223, 17.35647], [102.06256, 17.35940], [102.06417, 17.35891], [102.06461, 17.35967], [102.06245, 17.36194], [102.06073, 17.36070], [102.05898, 17.36124], [102.05932, 17.36398], [102.05760, 17.36493], [102.05846, 17.36613], [102.05695, 17.36614], [102.05700, 17.36788], [102.05478, 17.36713], [102.05416, 17.36845], [102.05358, 17.36767], [102.05265, 17.36833], [102.04837, 17.36768], [102.04579, 17.36857], [102.04448, 17.36709], [102.03808, 17.36920], [102.03521, 17.36788], [102.03048, 17.36893], [102.02806, 17.36812], [102.02693, 17.36968], [102.02608, 17.36930], [102.02567, 17.37060], [102.02653, 17.37118], [102.01802, 17.37391], [102.01104, 17.38315], [102.00823, 17.38405], [102.00718, 17.38673], [102.01923, 17.38801], [102.02265, 17.38986], [102.02502, 17.38936], [102.03142, 17.39406], [102.03112, 17.39177], [102.03220, 17.39122], [102.03125, 17.38979], [102.03299, 17.38908], [102.03440, 17.39171], [102.03694, 17.39257], [102.03677, 17.39390], [102.03958, 17.39557], [102.04006, 17.39780], [102.04699, 17.40753], [102.05062, 17.41546], [102.05420, 17.41880], [102.05645, 17.42268], [102.05428, 17.43059], [102.05618, 17.44241], [102.06364, 17.44783], [102.07755, 17.45547], [102.08609, 17.46522], [102.08719, 17.46526], [102.09039, 17.46224]]]}}, {"type": "Feature", "properties": {"tam_th": "วังทอง", "tam_en": "Wang Thong", "tam_code": "TH390603", "amp_th": "นาวัง", "amp_code": "3906", "pro_code": "39", "pro_th": "หนองบัวลำภู"}, "geometry": {"type": "Polygon", "coordinates": [[[102.01802, 17.37391], [102.02653, 17.37118], [102.02567, 17.37060], [102.02608, 17.36930], [102.02693, 17.36968], [102.02806, 17.36812], [102.03048, 17.36893], [102.03521, 17.36788], [102.03817, 17.36920], [102.04448, 17.36709], [102.04579, 17.36857], [102.04837, 17.36768], [102.05265, 17.36833], [102.05358, 17.36767], [102.05413, 17.36845], [102.05477, 17.36713], [102.05597, 17.36812], [102.05663, 17.36715], [102.05692, 17.36792], [102.05695, 17.36614], [102.05846, 17.36613], [102.05709, 17.36065], [102.05059, 17.36018], [102.04672, 17.35523], [102.04464, 17.35458], [102.04590, 17.35288], [102.04538, 17.34684], [102.04984, 17.34129], [102.05326, 17.33992], [102.05809, 17.34135], [102.06018, 17.34104], [102.05839, 17.33756], [102.05861, 17.33540], [102.05963, 17.33407], [102.06081, 17.33431], [102.06090, 17.33194], [102.06371, 17.32860], [102.05813, 17.31544], [102.05557, 17.29980], [102.04144, 17.29114], [102.04036, 17.28690], [102.03583, 17.27943], [102.03828, 17.27697], [102.03841, 17.27426], [102.04064, 17.27012], [102.04161, 17.26549], [102.04434, 17.26371], [102.04918, 17.26361], [102.06035, 17.25741], [102.07732, 17.25766], [102.08454, 17.25258], [102.08599, 17.24926], [102.08629, 17.24517], [102.09866, 17.19618], [102.09930, 17.18774], [102.09860, 17.18448], [102.09961, 17.17632], [102.09747, 17.17261], [102.09585, 17.17281], [102.08768, 17.16992], [102.08497, 17.16438], [102.07842, 17.16390], [102.07109, 17.16182], [102.06794, 17.16221], [102.06445, 17.16326], [102.05419, 17.17159], [102.04936, 17.17072], [102.04265, 17.16722], [102.03985, 17.17005], [102.03708, 17.17119], [102.03445, 17.17462], [102.02944, 17.18576], [102.03196, 17.19630], [102.02527, 17.20094], [102.02358, 17.20425], [102.02393, 17.20607], [102.02538, 17.20733], [102.02493, 17.20790], [102.02784, 17.21075], [102.02834, 17.21360], [102.03044, 17.21454], [102.03053, 17.21595], [102.03401, 17.21558], [102.03395, 17.21775], [102.03504, 17.21758], [102.03540, 17.21940], [102.03800, 17.22028], [102.03734, 17.21780], [102.03995, 17.21587], [102.03999, 17.21373], [102.05528, 17.20321], [102.05770, 17.19976], [102.06639, 17.19202], [102.06818, 17.18702], [102.07332, 17.18627], [102.07563, 17.18338], [102.07768, 17.18283], [102.07892, 17.17936], [102.08015, 17.17926], [102.08231, 17.17606], [102.08415, 17.16794], [102.08773, 17.17200], [102.09424, 17.17478], [102.09677, 17.17707], [102.09608, 17.18932], [102.09360, 17.20547], [102.09087, 17.20966], [102.08776, 17.21074], [102.08661, 17.21220], [102.07706, 17.24820], [102.06985, 17.24731], [102.06806, 17.24869], [102.06871, 17.25005], [102.06741, 17.24996], [102.06794, 17.25220], [102.06680, 17.25043], [102.06489, 17.25089], [102.06461, 17.24926], [102.06267, 17.25188], [102.06161, 17.25187], [102.06026, 17.25462], [102.05786, 17.25320], [102.05639, 17.25356], [102.05667, 17.25169], [102.05369, 17.25013], [102.05348, 17.25113], [102.05235, 17.25074], [102.05249, 17.25192], [102.05054, 17.25379], [102.04883, 17.25365], [102.04846, 17.25508], [102.04747, 17.25532], [102.04821, 17.25720], [102.04748, 17.25697], [102.04741, 17.25851], [102.04555, 17.25929], [102.04543, 17.26021], [102.04610, 17.25979], [102.04668, 17.26060], [102.04533, 17.26278], [102.04386, 17.26152], [102.03923, 17.26332], [102.03756, 17.26341], [102.03775, 17.26275], [102.03696, 17.26314], [102.03601, 17.26210], [102.03438, 17.26295], [102.03507, 17.26532], [102.02859, 17.27597], [102.02728, 17.27679], [102.02644, 17.28124], [102.02311, 17.28139], [102.01849, 17.27884], [102.01342, 17.27837], [102.01245, 17.28225], [102.01458, 17.28496], [102.01469, 17.28780], [102.01246, 17.28699], [102.01058, 17.28846], [102.00724, 17.28923], [102.00784, 17.29205], [102.00312, 17.29444], [102.00363, 17.29643], [101.99241, 17.30586], [101.98364, 17.31627], [101.98582, 17.32288], [101.98797, 17.32271], [101.98697, 17.32883], [101.99040, 17.33411], [102.01141, 17.33423], [102.02026, 17.34120], [102.02066, 17.34519], [102.01560, 17.35358], [102.01397, 17.36197], [102.01393, 17.36409], [102.01836, 17.36640], [102.01889, 17.37057], [102.01802, 17.37391]]]}}, {"type": "Feature", "properties": {"tam_th": "วังปลาป้อม", "tam_en": "Wang Pla Pom", "tam_code": "TH390604", "amp_th": "นาวัง", "amp_code": "3906", "pro_code": "39", "pro_th": "หนองบัวลำภู"}, "geometry": {"type": "Polygon", "coordinates": [[[102.08215, 17.46130], [102.07755, 17.45547], [102.06364, 17.44783], [102.05618, 17.44241], [102.05428, 17.43059], [102.05625, 17.42221], [102.05191, 17.41606], [102.05062, 17.41546], [102.04699, 17.40753], [102.04006, 17.39780], [102.03958, 17.39557], [102.03680, 17.39394], [102.03694, 17.39257], [102.03440, 17.39171], [102.03305, 17.38909], [102.03125, 17.38977], [102.03220, 17.39122], [102.03112, 17.39177], [102.03142, 17.39406], [102.02502, 17.38936], [102.02265, 17.38986], [102.01923, 17.38801], [102.00504, 17.38673], [101.99860, 17.39378], [101.99843, 17.39561], [101.99337, 17.39935], [101.98735, 17.40680], [101.98178, 17.41147], [101.98226, 17.41487], [101.98663, 17.41698], [101.98847, 17.41898], [101.98971, 17.41859], [101.99285, 17.42056], [101.99151, 17.42371], [101.99324, 17.42578], [101.99287, 17.42761], [101.99016, 17.42910], [101.99035, 17.43223], [101.98876, 17.43282], [101.98916, 17.43507], [101.98727, 17.43910], [101.98933, 17.44047], [101.99090, 17.44436], [101.98904, 17.44568], [101.98940, 17.45273], [101.98749, 17.45420], [101.98840, 17.45439], [101.98795, 17.45515], [101.98929, 17.45661], [101.99103, 17.45697], [101.99227, 17.45940], [101.99644, 17.46043], [101.99927, 17.45647], [102.00087, 17.45885], [102.00341, 17.45923], [102.00890, 17.45719], [102.01514, 17.45876], [102.01718, 17.45836], [102.01865, 17.45945], [102.02187, 17.45943], [102.02227, 17.45859], [102.02487, 17.45821], [102.02817, 17.45924], [102.03165, 17.45758], [102.03395, 17.45786], [102.03523, 17.45638], [102.03894, 17.45670], [102.04118, 17.45513], [102.04647, 17.45576], [102.04605, 17.45461], [102.04695, 17.45301], [102.04910, 17.45235], [102.04897, 17.45044], [102.05237, 17.44908], [102.06728, 17.45585], [102.07782, 17.45901], [102.08051, 17.46246], [102.08215, 17.46130]]]}}, {"type": "Feature", "properties": {"tam_th": "เทพคีรี", "tam_en": "Thep Khiri", "tam_code": "TH390605", "amp_th": "นาวัง", "amp_code": "3906", "pro_code": "39", "pro_th": "หนองบัวลำภู"}, "geometry": {"type": "Polygon", "coordinates": [[[102.10471, 17.35144], [102.11385, 17.34855], [102.11472, 17.34182], [102.11739, 17.33863], [102.11026, 17.33279], [102.10769, 17.33303], [102.10698, 17.33229], [102.11842, 17.32268], [102.11741, 17.32205], [102.11824, 17.31748], [102.12149, 17.31006], [102.12102, 17.30878], [102.11999, 17.30922], [102.11905, 17.30820], [102.11894, 17.30627], [102.12047, 17.30642], [102.12096, 17.30755], [102.12156, 17.30591], [102.12043, 17.30537], [102.12168, 17.30460], [102.12104, 17.30356], [102.12178, 17.30315], [102.12303, 17.30483], [102.12393, 17.30454], [102.12366, 17.30562], [102.12500, 17.30434], [102.12726, 17.30507], [102.12713, 17.30318], [102.12821, 17.30413], [102.12972, 17.30393], [102.13055, 17.30232], [102.13222, 17.30218], [102.13236, 17.30061], [102.13504, 17.29993], [102.13520, 17.29910], [102.13621, 17.30015], [102.13926, 17.30020], [102.13921, 17.30123], [102.14047, 17.30029], [102.13959, 17.29929], [102.14146, 17.29956], [102.14059, 17.29798], [102.13878, 17.27120], [102.12026, 17.26237], [102.11482, 17.25796], [102.11283, 17.25758], [102.11071, 17.25462], [102.10586, 17.25228], [102.10483, 17.25055], [102.09672, 17.24964], [102.09284, 17.25070], [102.09510, 17.25367], [102.09522, 17.25687], [102.09821, 17.25791], [102.10040, 17.25993], [102.10236, 17.25946], [102.10389, 17.26166], [102.10658, 17.26248], [102.10769, 17.26722], [102.10505, 17.27184], [102.10595, 17.27434], [102.10461, 17.27744], [102.10565, 17.27871], [102.10516, 17.28068], [102.10600, 17.28309], [102.10953, 17.28609], [102.10801, 17.28921], [102.10586, 17.28928], [102.09943, 17.29223], [102.09801, 17.29920], [102.09585, 17.30440], [102.09635, 17.30739], [102.09756, 17.30846], [102.09549, 17.30996], [102.09523, 17.30894], [102.09398, 17.30999], [102.09518, 17.31062], [102.09170, 17.31107], [102.08799, 17.31387], [102.08875, 17.31439], [102.08911, 17.31360], [102.08950, 17.31437], [102.08829, 17.31481], [102.08926, 17.31659], [102.08842, 17.31688], [102.08903, 17.31845], [102.08765, 17.32114], [102.08864, 17.32087], [102.08948, 17.32269], [102.08875, 17.32391], [102.09026, 17.32337], [102.09043, 17.32601], [102.08949, 17.32688], [102.09039, 17.32738], [102.08952, 17.32755], [102.09050, 17.32816], [102.08833, 17.32996], [102.08951, 17.33075], [102.08919, 17.33222], [102.09291, 17.33561], [102.09347, 17.33831], [102.09421, 17.33841], [102.09400, 17.34033], [102.09562, 17.34072], [102.09878, 17.34375], [102.10086, 17.34418], [102.10200, 17.34925], [102.10471, 17.35144]]]}}]}